/*
 Navicat Premium Data Transfer

 Source Server         : localhost
 Source Server Type    : MySQL
 Source Server Version : 50719
 Source Host           : localhost
 Source Database       : renlian

 Target Server Type    : MySQL
 Target Server Version : 50719
 File Encoding         : utf-8

 Date: 05/22/2019 00:28:36 AM
*/

SET NAMES utf8;
SET FOREIGN_KEY_CHECKS = 0;

-- ----------------------------
--  Table structure for `event`
-- ----------------------------
DROP TABLE IF EXISTS `event`;
CREATE TABLE `event` (
  `id` int(10) NOT NULL AUTO_INCREMENT COMMENT '接收事件',
  `serve_id` int(10) DEFAULT '0',
  `status` tinyint(1) DEFAULT '0' COMMENT '事件状态  1=正常通行  2=异常  3=一键通行（人工触发）  4=一键锁止（人工触发）',
  `time` int(10) DEFAULT '0' COMMENT '事件发生时间',
  `face` tinyint(1) DEFAULT '0' COMMENT '人脸数量',
  `people` tinyint(1) DEFAULT '0' COMMENT '行人数量',
  `result` char(16) DEFAULT '' COMMENT '识别结果',
  `add_time` int(10) DEFAULT '0' COMMENT '记录插入时间',
  PRIMARY KEY (`id`)
) ENGINE=InnoDB AUTO_INCREMENT=399 DEFAULT CHARSET=utf8;

-- ----------------------------
--  Records of `event`
-- ----------------------------
BEGIN;
INSERT INTO `event` VALUES ('1', '1', '1', '1558178973', '2', '2', '', '1558191808'), ('2', '1', '2', '1558178973', '3', '3', '', '1558191989'), ('3', '1', '2', '1558178973', '3', '3', '', '1558192036'), ('4', '1', '2', '1558178973', '3', '3', '', '1558192405'), ('5', '1', '2', '1558178973', '3', '4', '', '1558192464'), ('6', '1', '3', '1558192511', '0', '0', '', '1558192511'), ('7', '1', '4', '1558192515', '0', '0', '', '1558192515'), ('8', '1', '2', '1558255342', '0', '1', '', '1558255342'), ('9', '1', '2', '1558255362', '0', '1', '', '1558255362'), ('10', '1', '2', '1558255384', '0', '1', '', '1558255384'), ('11', '1', '2', '1558255387', '1', '1', '', '1558255387'), ('12', '1', '2', '1558255530', '0', '1', '', '1558255530'), ('13', '1', '2', '1558255535', '1', '1', '', '1558255535'), ('14', '1', '2', '1558255630', '0', '1', '', '1558255630'), ('15', '1', '2', '1558255650', '0', '1', '', '1558255651'), ('16', '1', '2', '1558269311', '0', '1', '', '1558269311'), ('17', '1', '2', '1558269413', '0', '1', '', '1558269413'), ('18', '1', '2', '1558269918', '0', '1', '', '1558269918'), ('19', '1', '2', '1558319186', '0', '1', '', '1558319186'), ('20', '1', '2', '1558319285', '0', '1', '', '1558319284'), ('21', '1', '2', '1558319305', '0', '1', '', '1558319304'), ('22', '1', '2', '1558319355', '0', '1', '', '1558319354'), ('23', '1', '2', '1558319410', '0', '1', '', '1558319409'), ('24', '1', '2', '1558319691', '0', '1', '', '1558319690'), ('25', '1', '2', '1558319764', '0', '1', '', '1558319763'), ('26', '1', '2', '1558320316', '0', '1', '', '1558320315'), ('27', '1', '2', '1558320337', '0', '1', '', '1558320336'), ('28', '1', '2', '1558320501', '0', '1', '', '1558320500'), ('29', '1', '2', '1558320569', '0', '1', '', '1558320569'), ('30', '1', '2', '1558320624', '0', '1', '', '1558320623'), ('31', '1', '2', '1558320626', '2', '1', '', '1558320625'), ('32', '1', '2', '1558320644', '0', '1', '', '1558320644'), ('33', '1', '2', '1558320665', '0', '1', '', '1558320664'), ('34', '1', '2', '1558320685', '0', '1', '', '1558320684'), ('35', '1', '2', '1558320706', '0', '1', '', '1558320705'), ('36', '1', '2', '1558320824', '0', '1', '', '1558320823'), ('37', '1', '2', '1558320936', '0', '1', '', '1558320935'), ('38', '1', '2', '1558321035', '0', '1', '', '1558321034'), ('39', '1', '2', '1558321039', '1', '1', '', '1558321039'), ('40', '1', '2', '1558321215', '0', '1', '', '1558321214'), ('41', '1', '2', '1558321215', '1', '1', '', '1558321215'), ('42', '1', '1', '1558321216', '1', '1', '', '1558321216'), ('43', '1', '2', '1558321315', '0', '1', '', '1558321315'), ('44', '1', '2', '1558321353', '0', '1', '', '1558321353'), ('45', '1', '2', '1558321355', '1', '1', '', '1558321354'), ('46', '1', '2', '1558321424', '0', '1', '', '1558321424'), ('47', '1', '1', '1558321425', '1', '1', '', '1558321424'), ('48', '1', '2', '1558321426', '1', '1', '', '1558321426'), ('49', '1', '2', '1558321445', '0', '1', '', '1558321444'), ('50', '1', '2', '1558321586', '0', '1', '', '1558321585'), ('51', '1', '2', '1558321718', '0', '1', '', '1558321717'), ('52', '1', '2', '1558321768', '0', '1', '', '1558321768'), ('53', '1', '2', '1558321803', '0', '1', '', '1558321802'), ('54', '1', '2', '1558321804', '1', '1', '', '1558321803'), ('55', '1', '2', '1558321847', '0', '1', '', '1558321847'), ('56', '1', '2', '1558321889', '0', '1', '', '1558321888'), ('57', '1', '2', '1558321951', '0', '1', '', '1558321950'), ('58', '1', '2', '1558322160', '0', '1', '', '1558322160'), ('59', '1', '2', '1558322223', '0', '1', '', '1558322222'), ('60', '1', '2', '1558322248', '0', '1', '', '1558322248'), ('61', '1', '2', '1558322296', '0', '1', '', '1558322296'), ('62', '1', '2', '1558322517', '0', '1', '', '1558322516'), ('63', '1', '2', '1558322584', '0', '1', '', '1558322583'), ('64', '1', '2', '1558322586', '1', '1', '', '1558322586'), ('65', '1', '1', '1558322587', '1', '1', '', '1558322586'), ('66', '1', '2', '1558322613', '0', '1', '', '1558322613'), ('67', '1', '2', '1558322751', '0', '1', '', '1558322751'), ('68', '1', '2', '1558322762', '2', '1', '', '1558322761'), ('69', '1', '2', '1558322785', '0', '1', '', '1558322785'), ('70', '1', '1', '1558322786', '1', '1', '', '1558322786'), ('71', '1', '2', '1558322787', '2', '1', '', '1558322786'), ('72', '1', '2', '1558322818', '0', '1', '', '1558322817'), ('73', '1', '1', '1558322820', '2', '1', '', '1558322820'), ('74', '1', '2', '1558322971', '0', '1', '', '1558322971'), ('75', '1', '2', '1558322912', '0', '1', '', '1558322977'), ('76', '1', '2', '1558322989', '1', '0', '', '1558322988'), ('77', '1', '2', '1558323004', '0', '1', '', '1558323003'), ('78', '1', '2', '1558323030', '1', '0', '', '1558323030'), ('79', '1', '1', '1558323078', '1', '1', '', '1558323077'), ('80', '1', '2', '1558323082', '0', '1', '', '1558323081'), ('81', '1', '2', '1558323166', '0', '1', '', '1558323165'), ('82', '1', '2', '1558323236', '0', '1', '', '1558323235'), ('83', '1', '2', '1558323286', '0', '1', '', '1558323285'), ('84', '1', '2', '1558323288', '1', '1', '', '1558323287'), ('85', '1', '2', '1558323384', '0', '1', '', '1558323384'), ('86', '1', '2', '1558323424', '0', '1', '', '1558323424'), ('87', '1', '2', '1558323445', '0', '1', '', '1558323445'), ('88', '1', '2', '1558323635', '0', '1', '', '1558323634'), ('89', '1', '2', '1558323636', '1', '1', '', '1558323636'), ('90', '1', '2', '1558323757', '0', '1', '', '1558323757'), ('91', '1', '2', '1558323910', '0', '1', '', '1558323910'), ('92', '1', '1', '1558323913', '1', '1', '', '1558323913'), ('93', '1', '2', '1558323930', '0', '1', '', '1558323930'), ('94', '1', '1', '1558323939', '1', '1', '', '1558323939'), ('95', '1', '2', '1558323941', '2', '1', '', '1558323940'), ('96', '1', '2', '1558323974', '0', '1', '', '1558323974'), ('97', '1', '2', '1558324000', '0', '1', '', '1558323999'), ('98', '1', '2', '1558324003', '1', '2', '', '1558324003'), ('99', '1', '1', '1558324004', '1', '1', '', '1558324004'), ('100', '1', '2', '1558324140', '0', '1', '', '1558324140'), ('101', '1', '1', '1558324144', '1', '1', '', '1558324143'), ('102', '1', '2', '1558324161', '0', '1', '', '1558324161'), ('103', '1', '2', '1558324214', '0', '1', '', '1558324214'), ('104', '1', '2', '1558324216', '2', '1', '', '1558324216'), ('105', '1', '2', '1558324384', '0', '1', '', '1558324384'), ('106', '1', '2', '1558324421', '0', '1', '', '1558324421'), ('107', '1', '2', '1558324423', '1', '1', '', '1558324423'), ('108', '1', '1', '1558324425', '1', '1', '', '1558324425'), ('109', '1', '2', '1558324488', '2', '1', '', '1558324488'), ('110', '1', '1', '1558324488', '1', '1', '', '1558324488'), ('111', '1', '2', '1558324489', '0', '1', '', '1558324489'), ('112', '1', '2', '1558324535', '0', '1', '', '1558324535'), ('113', '1', '2', '1558324538', '1', '1', '', '1558324538'), ('114', '1', '1', '1558324546', '1', '1', '', '1558324546'), ('115', '1', '2', '1558324683', '0', '1', '', '1558324683'), ('116', '1', '2', '1558324922', '0', '1', '', '1558324922'), ('117', '1', '2', '1558325038', '0', '1', '', '1558325038'), ('118', '1', '2', '1558325064', '0', '1', '', '1558325064'), ('119', '1', '2', '1558325206', '0', '1', '', '1558325206'), ('120', '1', '1', '1558325208', '1', '1', '', '1558325208'), ('121', '1', '2', '1558325447', '0', '1', '', '1558325447'), ('122', '1', '1', '1558325449', '1', '1', '', '1558325449'), ('123', '1', '1', '1558325496', '1', '1', '', '1558325496'), ('124', '1', '2', '1558325497', '0', '1', '', '1558325496'), ('125', '1', '2', '1558325547', '1', '0', '', '1558325547'), ('126', '1', '2', '1558325551', '0', '1', '', '1558325551'), ('127', '1', '2', '1558325581', '0', '1', '', '1558325580'), ('128', '1', '2', '1558325581', '2', '1', '', '1558325581'), ('129', '1', '2', '1558325780', '1', '0', '', '1558325780'), ('130', '1', '2', '1558325808', '1', '0', '', '1558325808'), ('131', '1', '2', '1558325907', '0', '1', '', '1558325907'), ('132', '1', '2', '1558326089', '0', '1', '', '1558326090'), ('133', '1', '2', '1558326110', '1', '1', '', '1558326110'), ('134', '1', '1', '1558326111', '1', '1', '', '1558326111'), ('135', '1', '2', '1558326114', '0', '2', '', '1558326115'), ('136', '1', '2', '1558326283', '0', '1', '', '1558326283'), ('137', '1', '2', '1558326357', '0', '1', '', '1558326357'), ('138', '1', '2', '1558326430', '0', '1', '', '1558326430'), ('139', '1', '2', '1558326451', '0', '1', '', '1558326451'), ('140', '1', '2', '1558326564', '0', '1', '', '1558326564'), ('141', '1', '2', '1558326615', '0', '1', '', '1558326615'), ('142', '1', '1', '1558326617', '1', '1', '', '1558326618'), ('143', '1', '2', '1558326641', '0', '1', '', '1558326641'), ('144', '1', '2', '1558326929', '0', '1', '', '1558326929'), ('145', '1', '2', '1558326974', '0', '1', '', '1558326974'), ('146', '1', '2', '1558327136', '0', '1', '', '1558327136'), ('147', '1', '2', '1558327252', '0', '1', '', '1558327252'), ('148', '1', '2', '1558327302', '0', '1', '', '1558327302'), ('149', '1', '2', '1558327332', '0', '1', '', '1558327332'), ('150', '1', '2', '1558327746', '0', '1', '', '1558327746'), ('151', '1', '2', '1558327993', '0', '1', '', '1558327993'), ('152', '1', '2', '1558328160', '0', '1', '', '1558328160'), ('153', '1', '2', '1558328161', '1', '1', '', '1558328162'), ('154', '1', '1', '1558328162', '1', '1', '', '1558328162'), ('155', '1', '2', '1558328290', '0', '1', '', '1558328290'), ('156', '1', '2', '1558328292', '1', '1', '', '1558328293'), ('157', '1', '2', '1558328310', '0', '1', '', '1558328310'), ('158', '1', '1', '1558328324', '1', '1', '', '1558328325'), ('159', '1', '2', '1558328325', '1', '1', '', '1558328326'), ('160', '1', '2', '1558328331', '0', '1', '', '1558328331'), ('161', '1', '1', '1558328349', '1', '1', '', '1558328349'), ('162', '1', '2', '1558328353', '1', '2', '', '1558328353'), ('163', '1', '2', '1558328373', '0', '1', '', '1558328373'), ('164', '1', '2', '1558328549', '0', '1', '', '1558328549'), ('165', '1', '2', '1558328742', '0', '1', '', '1558328742'), ('166', '1', '2', '1558329462', '2', '1', '', '1558329526'), ('167', '1', '1', '1558329463', '2', '1', '', '1558329528'), ('168', '1', '2', '1558329533', '1', '1', '', '1558329533'), ('169', '1', '1', '1558329533', '2', '1', '', '1558329533'), ('170', '1', '2', '1558329534', '0', '1', '', '1558329534'), ('171', '1', '2', '1558329734', '0', '1', '', '1558329766'), ('172', '1', '2', '1558329766', '0', '1', '', '1558329766'), ('173', '1', '1', '1558329874', '1', '1', '', '1558329873'), ('174', '1', '2', '1558329875', '1', '1', '', '1558329874'), ('175', '1', '2', '1558329877', '0', '1', '', '1558329877'), ('176', '1', '2', '1558329929', '0', '1', '', '1558329928'), ('177', '1', '1', '1558329930', '1', '1', '', '1558329930'), ('178', '1', '2', '1558329950', '0', '1', '', '1558329950'), ('179', '1', '3', '1558329985', '0', '0', '人工一键通行', '1558329985'), ('180', '1', '4', '1558329990', '0', '0', '人工一键锁止', '1558329990'), ('181', '1', '2', '1558330158', '0', '1', '', '1558330157'), ('182', '1', '2', '1558330179', '0', '1', '', '1558330178'), ('183', '1', '2', '1558330179', '1', '1', '', '1558330178'), ('184', '1', '2', '1558330206', '0', '1', '', '1558330205'), ('185', '1', '2', '1558330208', '1', '1', '', '1558330207'), ('186', '1', '2', '1558330288', '0', '1', '', '1558330287'), ('187', '1', '2', '1558330343', '0', '1', '', '1558330342'), ('188', '1', '2', '1558330366', '1', '1', '', '1558330366'), ('189', '1', '2', '1558330367', '0', '1', '', '1558330366'), ('190', '1', '2', '1558330387', '0', '1', '', '1558330386'), ('191', '1', '2', '1558330407', '0', '1', '', '1558330407'), ('192', '1', '2', '1558330428', '0', '2', '', '1558330427'), ('193', '1', '2', '1558330448', '0', '1', '', '1558330447'), ('194', '1', '2', '1558330468', '0', '2', '', '1558330467'), ('195', '1', '2', '1558330488', '0', '1', '', '1558330488'), ('196', '1', '2', '1558330529', '0', '2', '', '1558330529'), ('197', '1', '2', '1558330549', '0', '2', '', '1558330549'), ('198', '1', '2', '1558330570', '0', '2', '', '1558330569'), ('199', '1', '2', '1558330573', '1', '3', '', '1558330573'), ('200', '1', '2', '1558330590', '0', '2', '', '1558330589'), ('201', '1', '2', '1558330610', '0', '2', '', '1558330610'), ('202', '1', '2', '1558330631', '0', '2', '', '1558330630'), ('203', '1', '2', '1558330651', '0', '2', '', '1558330650'), ('204', '1', '2', '1558330671', '0', '2', '', '1558330670'), ('205', '1', '2', '1558330691', '0', '2', '', '1558330690'), ('206', '1', '2', '1558330712', '0', '2', '', '1558330711'), ('207', '1', '2', '1558330732', '0', '2', '', '1558330731'), ('208', '1', '2', '1558330752', '0', '2', '', '1558330751'), ('209', '1', '2', '1558330772', '0', '2', '', '1558330772'), ('210', '1', '2', '1558330793', '0', '1', '', '1558330792'), ('211', '1', '2', '1558330813', '0', '1', '', '1558330812'), ('212', '1', '2', '1558330833', '0', '2', '', '1558330832'), ('213', '1', '2', '1558330853', '0', '2', '', '1558330852'), ('214', '1', '2', '1558330894', '0', '2', '', '1558330893'), ('215', '1', '2', '1558330914', '0', '2', '', '1558330913'), ('216', '1', '2', '1558330934', '0', '2', '', '1558330933'), ('217', '1', '2', '1558330955', '0', '2', '', '1558330954'), ('218', '1', '2', '1558330975', '0', '2', '', '1558330974'), ('219', '1', '2', '1558330995', '0', '1', '', '1558330994'), ('220', '1', '2', '1558331015', '0', '2', '', '1558331015'), ('221', '1', '2', '1558331035', '0', '2', '', '1558331035'), ('222', '1', '2', '1558331077', '0', '2', '', '1558331076'), ('223', '1', '2', '1558331097', '0', '1', '', '1558331097'), ('224', '1', '2', '1558331117', '0', '1', '', '1558331117'), ('225', '1', '2', '1558331178', '0', '3', '行人数量与人脸数量不一致', '1558331177'), ('226', '1', '2', '1558331179', '1', '2', '行人数量与人脸数量不一致', '1558331178'), ('227', '1', '2', '1558331198', '0', '2', '行人数量与人脸数量不一致', '1558331197'), ('228', '1', '2', '1558331218', '0', '1', '行人数量与人脸数量不一致', '1558331217'), ('229', '1', '2', '1558331238', '0', '1', '行人数量与人脸数量不一致', '1558331238'), ('230', '1', '2', '1558331259', '0', '2', '行人数量与人脸数量不一致', '1558331258'), ('231', '1', '2', '1558331294', '0', '1', '行人数量与人脸数量不一致', '1558331293'), ('232', '1', '2', '1558331347', '1', '1', '共1人,有-1张未知人脸', '1558331347'), ('233', '1', '2', '1558331348', '0', '1', '行人数量与人脸数量不一致', '1558331347'), ('234', '1', '2', '1558331547', '0', '1', '行人数量与人脸数量不一致', '1558331546'), ('235', '1', '2', '1558331548', '1', '1', '共1人,有-1张未知人脸', '1558331548'), ('236', '1', '2', '1558331636', '0', '1', '行人数量与人脸数量不一致', '1558331635'), ('237', '1', '2', '1558331871', '0', '1', '行人数量与人脸数量不一致', '1558331870'), ('238', '1', '2', '1558332709', '0', '1', '行人数量与人脸数量不一致', '1558332709'), ('239', '1', '2', '1558332771', '0', '1', '行人数量与人脸数量不一致', '1558332771'), ('240', '1', '2', '1558332819', '0', '1', '行人数量与人脸数量不一致', '1558332819'), ('241', '1', '2', '1558332838', '1', '1', '共1人,有-1张未知人脸', '1558332838'), ('242', '1', '2', '1558332856', '0', '1', '行人数量与人脸数量不一致', '1558332856'), ('243', '1', '1', '1558332865', '1', '1', '共1人,有-1张未知人脸', '1558332865'), ('244', '1', '1', '1558333032', '1', '1', '共1人,有-1张未知人脸', '1558333032'), ('245', '1', '2', '1558333032', '1', '1', '共1人,有-1张未知人脸', '1558333032'), ('246', '1', '2', '1558333161', '0', '1', '行人数量与人脸数量不一致', '1558333161'), ('247', '1', '2', '1558333296', '0', '1', '行人数量与人脸数量不一致', '1558333296'), ('248', '1', '2', '1558333299', '1', '1', '共1人,人脸检测异常', '1558333298'), ('249', '1', '2', '1558334007', '0', '1', '行人数量与人脸数量不一致', '1558334007'), ('250', '1', '2', '1558334011', '2', '1', '行人数量与人脸数量不一致', '1558334011'), ('251', '1', '1', '1558334011', '1', '1', '共1人,人脸未识别', '1558334011'), ('252', '1', '2', '1558334124', '0', '1', '行人数量与人脸数量不一致', '1558334124'), ('253', '1', '2', '1558334224', '0', '1', '行人数量与人脸数量不一致', '1558334224'), ('254', '1', '2', '1558334538', '0', '1', '行人数量与人脸数量不一致', '1558334538'), ('255', '1', '2', '1558334540', '1', '1', '共1人,人脸未识别', '1558334540'), ('256', '1', '2', '1558334639', '0', '1', '行人数量与人脸数量不一致', '1558334639'), ('257', '1', '2', '1558334641', '2', '1', '行人数量与人脸数量不一致', '1558334641'), ('258', '1', '1', '1558334642', '1', '1', '共1人,人脸未识别', '1558334642'), ('259', '1', '2', '1558334670', '0', '1', '行人数量与人脸数量不一致', '1558334670'), ('260', '1', '2', '1558334776', '0', '1', '行人数量与人脸数量不一致', '1558334775'), ('261', '1', '2', '1558334803', '0', '1', '行人数量与人脸数量不一致', '1558334803'), ('262', '1', '2', '1558334870', '0', '1', '行人数量与人脸数量不一致', '1558334870'), ('263', '1', '2', '1558335382', '0', '1', '行人数量与人脸数量不一致', '1558335382'), ('264', '1', '2', '1558335585', '0', '1', '行人数量与人脸数量不一致', '1558335585'), ('265', '1', '2', '1558335608', '0', '1', '行人数量与人脸数量不一致', '1558335609'), ('266', '1', '2', '1558335695', '0', '1', '行人数量与人脸数量不一致', '1558335695'), ('267', '1', '2', '1558335918', '0', '1', '行人数量与人脸数量不一致', '1558335919'), ('268', '1', '2', '1558335942', '0', '1', '行人数量与人脸数量不一致', '1558335943'), ('269', '1', '2', '1558336055', '0', '1', '行人数量与人脸数量不一致', '1558336055'), ('270', '1', '2', '1558336192', '0', '1', '行人数量与人脸数量不一致', '1558336192'), ('271', '1', '2', '1558336233', '0', '1', '行人数量与人脸数量不一致', '1558336233'), ('272', '1', '2', '1558336277', '0', '1', '行人数量与人脸数量不一致', '1558336277'), ('273', '1', '2', '1558336315', '0', '1', '行人数量与人脸数量不一致', '1558336315'), ('274', '1', '2', '1558336476', '0', '1', '行人数量与人脸数量不一致', '1558336476'), ('275', '1', '2', '1558336498', '0', '1', '行人数量与人脸数量不一致', '1558336498'), ('276', '1', '2', '1558336610', '0', '1', '行人数量与人脸数量不一致', '1558336610'), ('277', '1', '2', '1558336679', '0', '1', '行人数量与人脸数量不一致', '1558336679'), ('278', '1', '2', '1558336746', '0', '1', '行人数量与人脸数量不一致', '1558336746'), ('279', '1', '1', '1558336749', '1', '1', '正常', '1558336749'), ('280', '1', '2', '1558336793', '1', '1', '[存在风险]有未授权人员', '1558336794'), ('281', '1', '2', '1558336797', '0', '1', '行人数量与人脸数量不一致', '1558336798'), ('282', '1', '2', '1558336821', '0', '1', '行人数量与人脸数量不一致', '1558336821'), ('283', '1', '2', '1558336845', '0', '1', '行人数量与人脸数量不一致', '1558336846'), ('284', '1', '1', '1558336851', '1', '1', '正常', '1558336851'), ('285', '1', '2', '1558336851', '1', '1', '[存在风险]有未授权人员', '1558336851'), ('286', '1', '2', '1558336961', '0', '1', '行人数量与人脸数量不一致', '1558336962'), ('287', '1', '2', '1558337263', '0', '1', '行人数量与人脸数量不一致', '1558337263'), ('288', '1', '2', '1558337264', '2', '1', '行人数量与人脸数量不一致', '1558337264'), ('289', '1', '1', '1558337264', '1', '1', '正常', '1558337264'), ('290', '1', '2', '1558337366', '0', '1', '行人数量与人脸数量不一致', '1558337367'), ('291', '1', '2', '1558337485', '0', '1', '行人数量与人脸数量不一致', '1558337485'), ('292', '1', '2', '1558337804', '0', '1', '行人数量与人脸数量不一致', '1558337804'), ('293', '1', '2', '1558337891', '2', '1', '行人数量与人脸数量不一致', '1558337891'), ('294', '1', '1', '1558337891', '1', '1', '正常', '1558337892'), ('295', '1', '2', '1558338105', '0', '1', '行人数量与人脸数量不一致', '1558338105'), ('296', '1', '2', '1558339294', '0', '1', '行人数量与人脸数量不一致', '1558339294'), ('297', '1', '2', '1558339240', '0', '1', '行人数量与人脸数量不一致', '1558339305'), ('298', '1', '2', '1558339856', '0', '1', '行人数量与人脸数量不一致', '1558339920'), ('299', '1', '2', '1558339921', '0', '1', '行人数量与人脸数量不一致', '1558339920'), ('300', '1', '1', '1558339921', '1', '1', '正常', '1558339921'), ('301', '1', '2', '1558339923', '1', '1', '[存在风险]有未授权人员', '1558339923'), ('302', '1', '2', '1558339945', '0', '1', '行人数量与人脸数量不一致', '1558339944'), ('303', '1', '2', '1558340537', '0', '1', '行人数量与人脸数量不一致', '1558340537'), ('304', '1', '1', '1558340540', '1', '1', '正常', '1558340540'), ('305', '1', '2', '1558341064', '0', '1', '行人数量与人脸数量不一致', '1558341128'), ('306', '1', '2', '1558341133', '0', '1', '行人数量与人脸数量不一致', '1558341133'), ('307', '1', '1', '1558341071', '1', '1', '正常', '1558341137'), ('308', '1', '1', '1558342195', '2', '1', '行人数量与人脸数量不一致', '1558342194'), ('309', '1', '2', '1558342195', '2', '1', '行人数量与人脸数量不一致', '1558342194'), ('310', '1', '2', '1558342174', '0', '1', '行人数量与人脸数量不一致', '1558342205'), ('311', '1', '2', '1558342218', '0', '1', '行人数量与人脸数量不一致', '1558342217'), ('312', '1', '1', '1558342219', '1', '1', '正常', '1558342219'), ('313', '1', '2', '1558342220', '1', '1', '[存在风险]有未授权人员', '1558342219'), ('314', '1', '2', '1558342297', '0', '1', '行人数量与人脸数量不一致', '1558342297'), ('315', '1', '2', '1558342401', '0', '1', '行人数量与人脸数量不一致', '1558342401'), ('316', '1', '2', '1558342470', '0', '1', '行人数量与人脸数量不一致', '1558342469'), ('317', '1', '2', '1558342492', '0', '1', '行人数量与人脸数量不一致', '1558342492'), ('318', '1', '2', '1558342512', '0', '1', '行人数量与人脸数量不一致', '1558342512'), ('319', '1', '2', '1558342537', '0', '1', '行人数量与人脸数量不一致', '1558342536'), ('320', '1', '2', '1558342557', '0', '1', '行人数量与人脸数量不一致', '1558342556'), ('321', '1', '2', '1558342559', '1', '1', '[存在风险]有未授权人员', '1558342558'), ('322', '1', '2', '1558342639', '0', '1', '行人数量与人脸数量不一致', '1558342639'), ('323', '1', '2', '1558342643', '1', '1', '[存在风险]有未授权人员', '1558342643'), ('324', '1', '2', '1558342746', '0', '1', '行人数量与人脸数量不一致', '1558342746'), ('325', '1', '1', '1558342750', '1', '1', '正常', '1558342749'), ('326', '1', '2', '1558342750', '2', '2', '[存在风险]有未授权人员', '1558342750'), ('327', '1', '2', '1558342856', '0', '1', '行人数量与人脸数量不一致', '1558342855'), ('328', '1', '2', '1558343258', '0', '1', '行人数量与人脸数量不一致', '1558343258'), ('329', '1', '2', '1558343281', '0', '1', '行人数量与人脸数量不一致', '1558343281'), ('330', '1', '2', '1558343630', '0', '1', '行人数量与人脸数量不一致', '1558343630'), ('331', '1', '2', '1558343875', '0', '1', '行人数量与人脸数量不一致', '1558343875'), ('332', '1', '2', '1558343994', '0', '1', '行人数量与人脸数量不一致', '1558343994'), ('333', '1', '2', '1558343996', '1', '1', '[存在风险]有未授权人员', '1558343996'), ('334', '1', '1', '1558344116', '1', '1', '正常', '1558344116'), ('335', '1', '2', '1558344117', '0', '1', '行人数量与人脸数量不一致', '1558344116'), ('336', '1', '2', '1558344162', '0', '1', '行人数量与人脸数量不一致', '1558344162'), ('337', '1', '2', '1558344162', '1', '1', '[存在风险]有未授权人员', '1558344162'), ('338', '1', '2', '1558344192', '0', '1', '行人数量与人脸数量不一致', '1558344191'), ('339', '1', '1', '1558344196', '1', '1', '正常', '1558344196'), ('340', '1', '2', '1558344215', '0', '1', '行人数量与人脸数量不一致', '1558344214'), ('341', '1', '1', '1558344216', '1', '1', '正常', '1558344216'), ('342', '1', '2', '1558344300', '0', '1', '行人数量与人脸数量不一致', '1558344299'), ('343', '1', '2', '1558344331', '0', '1', '行人数量与人脸数量不一致', '1558344331'), ('344', '1', '2', '1558344332', '1', '1', '[存在风险]有未授权人员', '1558344332'), ('345', '1', '2', '1558344458', '0', '1', '行人数量与人脸数量不一致', '1558344458'), ('346', '1', '2', '1558344847', '0', '1', '行人数量与人脸数量不一致', '1558344847'), ('347', '1', '2', '1558344888', '0', '1', '行人数量与人脸数量不一致', '1558344887'), ('348', '1', '2', '1558345025', '0', '1', '行人数量与人脸数量不一致', '1558345024'), ('349', '1', '2', '1558345045', '0', '1', '行人数量与人脸数量不一致', '1558345045'), ('350', '1', '2', '1558345130', '0', '1', '行人数量与人脸数量不一致', '1558345130'), ('351', '1', '2', '1558345151', '0', '1', '行人数量与人脸数量不一致', '1558345150'), ('352', '1', '2', '1558345174', '0', '1', '行人数量与人脸数量不一致', '1558345174'), ('353', '1', '2', '1558345260', '0', '1', '行人数量与人脸数量不一致', '1558345260'), ('354', '1', '2', '1558345398', '0', '1', '行人数量与人脸数量不一致', '1558345398'), ('355', '1', '2', '1558345725', '0', '1', '行人数量与人脸数量不一致', '1558345724'), ('356', '1', '2', '1558345894', '0', '1', '行人数量与人脸数量不一致', '1558345894'), ('357', '1', '2', '1558345897', '1', '1', '[存在风险]有未授权人员', '1558345897'), ('358', '1', '1', '1558345898', '1', '1', '正常', '1558345897'), ('359', '1', '2', '1558345967', '0', '1', '行人数量与人脸数量不一致', '1558345967'), ('360', '1', '2', '1558346062', '0', '1', '行人数量与人脸数量不一致', '1558346061'), ('361', '1', '2', '1558346122', '0', '1', '行人数量与人脸数量不一致', '1558346122'), ('362', '1', '2', '1558346142', '0', '1', '行人数量与人脸数量不一致', '1558346142'), ('363', '1', '1', '1558346226', '1', '1', '正常', '1558346226'), ('364', '1', '2', '1558346228', '1', '1', '[存在风险]有未授权人员', '1558346228'), ('365', '1', '2', '1558346233', '0', '1', '行人数量与人脸数量不一致', '1558346233'), ('366', '1', '2', '1558346311', '0', '1', '行人数量与人脸数量不一致', '1558346310'), ('367', '1', '2', '1558346339', '0', '1', '行人数量与人脸数量不一致', '1558346338'), ('368', '1', '1', '1558346358', '1', '1', '正常', '1558346357'), ('369', '1', '2', '1558346363', '0', '1', '行人数量与人脸数量不一致', '1558346363'), ('370', '1', '2', '1558346432', '0', '1', '行人数量与人脸数量不一致', '1558346431'), ('371', '1', '2', '1558346464', '0', '1', '行人数量与人脸数量不一致', '1558346464'), ('372', '1', '2', '1558346486', '0', '1', '行人数量与人脸数量不一致', '1558346485'), ('373', '1', '2', '1558346510', '0', '1', '行人数量与人脸数量不一致', '1558346510'), ('374', '1', '2', '1558346534', '0', '1', '行人数量与人脸数量不一致', '1558346534'), ('375', '1', '2', '1558346568', '0', '1', '行人数量与人脸数量不一致', '1558346568'), ('376', '1', '2', '1558346570', '1', '1', '[存在风险]有未授权人员', '1558346570'), ('377', '1', '2', '1558346588', '0', '1', '行人数量与人脸数量不一致', '1558346588'), ('378', '1', '2', '1558346610', '0', '1', '行人数量与人脸数量不一致', '1558346610'), ('379', '1', '2', '1558346621', '1', '2', '行人数量与人脸数量不一致', '1558346620'), ('380', '1', '2', '1558346643', '0', '1', '行人数量与人脸数量不一致', '1558346643'), ('381', '1', '2', '1558346684', '0', '1', '行人数量与人脸数量不一致', '1558346684'), ('382', '1', '2', '1558346704', '0', '1', '行人数量与人脸数量不一致', '1558346704'), ('383', '1', '2', '1558346723', '1', '1', '[存在风险]有未授权人员', '1558346723'), ('384', '1', '1', '1558346724', '1', '1', '正常', '1558346723'), ('385', '1', '2', '1558346760', '0', '1', '行人数量与人脸数量不一致', '1558346760'), ('386', '1', '1', '1558346761', '1', '1', '正常', '1558346761'), ('387', '1', '2', '1558346781', '0', '1', '行人数量与人脸数量不一致', '1558346781'), ('388', '1', '2', '1558347447', '0', '1', '行人数量与人脸数量不一致', '1558347447'), ('389', '1', '1', '1558347585', '1', '1', '正常', '1558347584'), ('390', '1', '2', '1558347586', '2', '1', '行人数量与人脸数量不一致', '1558347585'), ('391', '1', '2', '1558347611', '0', '1', '行人数量与人脸数量不一致', '1558347611'), ('392', '1', '2', '1558347888', '0', '1', '行人数量与人脸数量不一致', '1558347888'), ('393', '1', '2', '1558347910', '0', '1', '行人数量与人脸数量不一致', '1558347910'), ('394', '1', '1', '1558349347', '2', '1', '行人数量与人脸数量不一致', '1558349347'), ('395', '1', '2', '1558349590', '0', '1', '行人数量与人脸数量不一致', '1558349590'), ('396', '1', '2', '1558350152', '0', '1', '行人数量与人脸数量不一致', '1558350152'), ('397', '1', '2', '1558350152', '2', '1', '行人数量与人脸数量不一致', '1558350153'), ('398', '1', '1', '1558350153', '1', '1', '正常', '1558350153');
COMMIT;

-- ----------------------------
--  Table structure for `event_info`
-- ----------------------------
DROP TABLE IF EXISTS `event_info`;
CREATE TABLE `event_info` (
  `id` int(10) NOT NULL AUTO_INCREMENT COMMENT '事件人脸信息',
  `name` char(32) DEFAULT '' COMMENT 'face.name',
  `type_id` int(10) DEFAULT '0' COMMENT '身份编号  face.type_id',
  `type_name` char(16) DEFAULT '' COMMENT '身份名称  face_type.name',
  `status` tinyint(1) DEFAULT '0' COMMENT '进出状态  0=未知，但不允许进出  1=允许进出  2=不允许进出   face.status',
  `number` char(32) DEFAULT '' COMMENT 'face.number',
  `event_id` int(10) DEFAULT '0',
  PRIMARY KEY (`id`)
) ENGINE=InnoDB AUTO_INCREMENT=11 DEFAULT CHARSET=utf8;

-- ----------------------------
--  Records of `event_info`
-- ----------------------------
BEGIN;
INSERT INTO `event_info` VALUES ('1', '李四', '2', '办案人员', '1', 'X839467865', '1'), ('2', '王五', '2', '办案人员', '1', 'X919203091', '1'), ('3', '张三', '1', '在押人员', '2', 'GSDHK45678', '2'), ('4', '李四', '2', '办案人员', '1', 'X839467865', '2'), ('5', '张三', '1', '在押人员', '2', 'GSDHK45678', '4'), ('6', '李四', '2', '办案人员', '1', 'X839467865', '4'), ('7', '王五', '2', '办案人员', '1', 'X919203091', '4'), ('8', '张三', '1', '在押人员', '2', 'GSDHK45678', '5'), ('9', '李四', '2', '办案人员', '1', 'X839467865', '5'), ('10', '王五', '2', '办案人员', '1', 'X919203091', '5');
COMMIT;

-- ----------------------------
--  Table structure for `event_video`
-- ----------------------------
DROP TABLE IF EXISTS `event_video`;
CREATE TABLE `event_video` (
  `id` int(10) NOT NULL AUTO_INCREMENT COMMENT '事件视频',
  `path` char(250) DEFAULT '' COMMENT '仅路径',
  `event_id` int(10) DEFAULT '0',
  PRIMARY KEY (`id`)
) ENGINE=InnoDB AUTO_INCREMENT=789 DEFAULT CHARSET=utf8;

-- ----------------------------
--  Records of `event_video`
-- ----------------------------
BEGIN;
INSERT INTO `event_video` VALUES ('1', '/normal/2019/05/18/192933-1-1.mp4', '1'), ('2', '/normal/2019/05/18/192933-1-2.mp4', '1'), ('3', '/abnormal/2019/05/18/192933-2-1.mp4', '2'), ('4', '/abnormal/2019/05/18/192933-2-2.mp4', '2'), ('5', '/abnormal/2019/05/18/192933-3-1.mp4', '3'), ('6', '/abnormal/2019/05/18/192933-3-2.mp4', '3'), ('7', '/abnormal/2019/05/18/192933-4-1.mp4', '4'), ('8', '/abnormal/2019/05/18/192933-4-2.mp4', '4'), ('9', '/abnormal/2019/05/18/192933-5-1.mp4', '5'), ('10', '/abnormal/2019/05/18/192933-5-2.mp4', '5'), ('11', '/abnormal/2019/5/19/164222-5-1.mp4', '8'), ('12', '/abnormal/2019/5/19/164222-5-2.mp4', '8'), ('13', '/abnormal/2019/5/19/164242-5-1.mp4', '9'), ('14', 'abnormal/2019/5/19/164242-5-2.mp4', '9'), ('15', 'abnormal/2019/5/19/16434-5-1.mp4', '10'), ('16', 'abnormal/2019/5/19/16434-5-2.mp4', '10'), ('17', 'abnormal/2019/5/19/16437-3-1.mp4', '11'), ('18', 'abnormal/2019/5/19/16437-3-2.mp4', '11'), ('19', '/abnormal/2019/5/19/164530-5-1.mp4', '12'), ('20', '/abnormal/2019/5/19/164530-5-2.mp4', '12'), ('21', '/abnormal/2019/5/19/164535-3-1.mp4', '13'), ('22', '/abnormal/2019/5/19/164535-3-2.mp4', '13'), ('23', '/abnormal/2019/5/19/164710-5-1.mp4', '14'), ('24', '/abnormal/2019/5/19/164710-5-2.mp4', '14'), ('25', '/abnormal/2019/5/19/164730-5-1.mp4', '15'), ('26', '/abnormal/2019/5/19/164730-5-2.mp4', '15'), ('27', '/abnormal/2019/5/19/203511-5-1.mp4', '16'), ('28', '/abnormal/2019/5/19/203511-5-2.mp4', '16'), ('29', '/abnormal/2019/5/19/203653-5-1.mp4', '17'), ('30', '/abnormal/2019/5/19/203653-5-2.mp4', '17'), ('31', '/abnormal/2019/5/19/204518-5-1.mp4', '18'), ('32', '/abnormal/2019/5/19/204518-5-2.mp4', '18'), ('33', '/abnormal/2019/5/20/102626-5-1.mp4', '19'), ('34', '/abnormal/2019/5/20/102626-5-2.mp4', '19'), ('35', '/abnormal/2019/5/20/10285-5-1.mp4', '20'), ('36', '/abnormal/2019/5/20/10285-5-2.mp4', '20'), ('37', '/abnormal/2019/5/20/102825-5-1.mp4', '21'), ('38', '/abnormal/2019/5/20/102825-5-2.mp4', '21'), ('39', '/abnormal/2019/5/20/102915-5-1.mp4', '22'), ('40', '/abnormal/2019/5/20/102915-5-2.mp4', '22'), ('41', '/abnormal/2019/5/20/103010-5-1.mp4', '23'), ('42', '/abnormal/2019/5/20/103010-5-2.mp4', '23'), ('43', '/abnormal/2019/5/20/103451-5-1.mp4', '24'), ('44', '/abnormal/2019/5/20/103451-5-2.mp4', '24'), ('45', '/abnormal/2019/5/20/10364-5-1.mp4', '25'), ('46', '/abnormal/2019/5/20/10364-5-2.mp4', '25'), ('47', '/abnormal/2019/5/20/104516-5-1.mp4', '26'), ('48', '/abnormal/2019/5/20/104516-5-2.mp4', '26'), ('49', '/abnormal/2019/5/20/104537-5-1.mp4', '27'), ('50', '/abnormal/2019/5/20/104537-5-2.mp4', '27'), ('51', '/abnormal/2019/5/20/104821-5-1.mp4', '28'), ('52', '/abnormal/2019/5/20/104821-5-2.mp4', '28'), ('53', '/abnormal/2019/5/20/104929-5-1.mp4', '29'), ('54', '/abnormal/2019/5/20/104929-5-2.mp4', '29'), ('55', '/abnormal/2019/5/20/105024-5-1.mp4', '30'), ('56', '/abnormal/2019/5/20/105024-5-2.mp4', '30'), ('57', '/abnormal/2019/5/20/105026-3-1.mp4', '31'), ('58', '/abnormal/2019/5/20/105026-3-2.mp4', '31'), ('59', '/abnormal/2019/5/20/105044-5-1.mp4', '32'), ('60', '/abnormal/2019/5/20/105044-5-2.mp4', '32'), ('61', '/abnormal/2019/5/20/10515-5-1.mp4', '33'), ('62', '/abnormal/2019/5/20/10515-5-2.mp4', '33'), ('63', '/abnormal/2019/5/20/105125-5-1.mp4', '34'), ('64', '/abnormal/2019/5/20/105125-5-2.mp4', '34'), ('65', '/abnormal/2019/5/20/105146-5-1.mp4', '35'), ('66', '/abnormal/2019/5/20/105146-5-2.mp4', '35'), ('67', '/abnormal/2019/5/20/105344-5-1.mp4', '36'), ('68', '/abnormal/2019/5/20/105344-5-2.mp4', '36'), ('69', '/abnormal/2019/5/20/105536-5-1.mp4', '37'), ('70', '/abnormal/2019/5/20/105536-5-2.mp4', '37'), ('71', '/abnormal/2019/5/20/105715-5-1.mp4', '38'), ('72', '/abnormal/2019/5/20/105715-5-2.mp4', '38'), ('73', '/abnormal/2019/5/20/105719-3-1.mp4', '39'), ('74', '/abnormal/2019/5/20/105719-3-2.mp4', '39'), ('75', '/abnormal/2019/5/20/11015-5-1.mp4', '40'), ('76', '/abnormal/2019/5/20/11015-5-2.mp4', '40'), ('77', '/abnormal/2019/5/20/11015-3-1.mp4', '41'), ('78', '/abnormal/2019/5/20/11015-3-2.mp4', '41'), ('79', '/normal/2019/5/20/11016-1-1.mp4', '42'), ('80', '/normal/2019/5/20/11016-1-2.mp4', '42'), ('81', '/abnormal/2019/5/20/11155-5-1.mp4', '43'), ('82', '/abnormal/2019/5/20/11155-5-2.mp4', '43'), ('83', '/abnormal/2019/5/20/11233-5-1.mp4', '44'), ('84', '/abnormal/2019/5/20/11233-5-2.mp4', '44'), ('85', '/abnormal/2019/5/20/11235-3-1.mp4', '45'), ('86', '/abnormal/2019/5/20/11235-3-2.mp4', '45'), ('87', '/abnormal/2019/5/20/11344-5-1.mp4', '46'), ('88', '/abnormal/2019/5/20/11344-5-2.mp4', '46'), ('89', '/normal/2019/5/20/11345-1-1.mp4', '47'), ('90', '/normal/2019/5/20/11345-1-2.mp4', '47'), ('91', '/abnormal/2019/5/20/11346-3-1.mp4', '48'), ('92', '/abnormal/2019/5/20/11346-3-2.mp4', '48'), ('93', '/abnormal/2019/5/20/1145-5-1.mp4', '49'), ('94', '/abnormal/2019/5/20/1145-5-2.mp4', '49'), ('95', '/abnormal/2019/5/20/11626-5-1.mp4', '50'), ('96', '/abnormal/2019/5/20/11626-5-2.mp4', '50'), ('97', '/abnormal/2019/5/20/11838-5-1.mp4', '51'), ('98', '/abnormal/2019/5/20/11838-5-2.mp4', '51'), ('99', '/abnormal/2019/5/20/11928-5-1.mp4', '52'), ('100', '/abnormal/2019/5/20/11928-5-2.mp4', '52'), ('101', '/abnormal/2019/5/20/11103-5-1.mp4', '53'), ('102', '/abnormal/2019/5/20/11103-5-2.mp4', '53'), ('103', '/abnormal/2019/5/20/11104-3-1.mp4', '54'), ('104', '/abnormal/2019/5/20/11104-3-2.mp4', '54'), ('105', '/abnormal/2019/5/20/111047-5-1.mp4', '55'), ('106', '/abnormal/2019/5/20/111047-5-2.mp4', '55'), ('107', '/abnormal/2019/5/20/111129-5-1.mp4', '56'), ('108', '/abnormal/2019/5/20/111129-5-2.mp4', '56'), ('109', '/abnormal/2019/5/20/111231-5-1.mp4', '57'), ('110', '/abnormal/2019/5/20/111231-5-2.mp4', '57'), ('111', '/abnormal/2019/5/20/11160-5-1.mp4', '58'), ('112', '/abnormal/2019/5/20/11160-5-2.mp4', '58'), ('113', '/abnormal/2019/5/20/11173-5-1.mp4', '59'), ('114', '/abnormal/2019/5/20/11173-5-2.mp4', '59'), ('115', '/abnormal/2019/5/20/111728-5-1.mp4', '60'), ('116', '/abnormal/2019/5/20/111728-5-2.mp4', '60'), ('117', '/abnormal/2019/5/20/111816-5-1.mp4', '61'), ('118', '/abnormal/2019/5/20/111816-5-2.mp4', '61'), ('119', '/abnormal/2019/5/20/112157-5-1.mp4', '62'), ('120', '/abnormal/2019/5/20/112157-5-2.mp4', '62'), ('121', '/abnormal/2019/5/20/11234-5-1.mp4', '63'), ('122', '/abnormal/2019/5/20/11234-5-2.mp4', '63'), ('123', '/abnormal/2019/5/20/11236-3-1.mp4', '64'), ('124', '/abnormal/2019/5/20/11236-3-2.mp4', '64'), ('125', '/normal/2019/5/20/11237-1-1.mp4', '65'), ('126', '/normal/2019/5/20/11237-1-2.mp4', '65'), ('127', '/abnormal/2019/5/20/112333-5-1.mp4', '66'), ('128', '/abnormal/2019/5/20/112333-5-2.mp4', '66'), ('129', '/abnormal/2019/5/20/112551-5-1.mp4', '67'), ('130', '/abnormal/2019/5/20/112551-5-2.mp4', '67'), ('131', '/abnormal/2019/5/20/11262-3-1.mp4', '68'), ('132', '/abnormal/2019/5/20/11262-3-2.mp4', '68'), ('133', '/abnormal/2019/5/20/112625-5-1.mp4', '69'), ('134', '/abnormal/2019/5/20/112625-5-2.mp4', '69'), ('135', '/normal/2019/5/20/112626-1-1.mp4', '70'), ('136', '/normal/2019/5/20/112626-1-2.mp4', '70'), ('137', '/abnormal/2019/5/20/112627-3-1.mp4', '71'), ('138', '/abnormal/2019/5/20/112627-3-2.mp4', '71'), ('139', '/abnormal/2019/5/20/112658-5-1.mp4', '72'), ('140', '/abnormal/2019/5/20/112658-5-2.mp4', '72'), ('141', '/normal/2019/5/20/11270-1-1.mp4', '73'), ('142', '/normal/2019/5/20/11270-1-2.mp4', '73'), ('143', '/abnormal/2019/5/20/112931-5-1.mp4', '74'), ('144', '/abnormal/2019/5/20/112931-5-2.mp4', '74'), ('145', '/abnormal/2019/5/20/112832-5-1.mp4', '75'), ('146', '/abnormal/2019/5/20/112832-5-2.mp4', '75'), ('147', '/abnormal/2019/5/20/112949-3-1.mp4', '76'), ('148', '/abnormal/2019/5/20/112949-3-2.mp4', '76'), ('149', '/abnormal/2019/5/20/11304-5-1.mp4', '77'), ('150', '/abnormal/2019/5/20/11304-5-2.mp4', '77'), ('151', '/abnormal/2019/5/20/113030-3-1.mp4', '78'), ('152', '/abnormal/2019/5/20/113030-3-2.mp4', '78'), ('153', '/normal/2019/5/20/113118-1-1.mp4', '79'), ('154', '/normal/2019/5/20/113118-1-2.mp4', '79'), ('155', '/abnormal/2019/5/20/113122-5-1.mp4', '80'), ('156', '/abnormal/2019/5/20/113122-5-2.mp4', '80'), ('157', '/abnormal/2019/5/20/113246-5-1.mp4', '81'), ('158', '/abnormal/2019/5/20/113246-5-2.mp4', '81'), ('159', '/abnormal/2019/5/20/113356-5-1.mp4', '82'), ('160', '/abnormal/2019/5/20/113356-5-2.mp4', '82'), ('161', '/abnormal/2019/5/20/113446-5-1.mp4', '83'), ('162', '/abnormal/2019/5/20/113446-5-2.mp4', '83'), ('163', '/abnormal/2019/5/20/113448-3-1.mp4', '84'), ('164', '/abnormal/2019/5/20/113448-3-2.mp4', '84'), ('165', '/abnormal/2019/5/20/113624-5-1.mp4', '85'), ('166', '/abnormal/2019/5/20/113624-5-2.mp4', '85'), ('167', '/abnormal/2019/5/20/11374-5-1.mp4', '86'), ('168', '/abnormal/2019/5/20/11374-5-2.mp4', '86'), ('169', '/abnormal/2019/5/20/113725-5-1.mp4', '87'), ('170', '/abnormal/2019/5/20/113725-5-2.mp4', '87'), ('171', '/abnormal/2019/5/20/114035-5-1.mp4', '88'), ('172', '/abnormal/2019/5/20/114035-5-2.mp4', '88'), ('173', '/abnormal/2019/5/20/114036-3-1.mp4', '89'), ('174', '/abnormal/2019/5/20/114036-3-2.mp4', '89'), ('175', '/abnormal/2019/5/20/114237-5-1.mp4', '90'), ('176', '/abnormal/2019/5/20/114237-5-2.mp4', '90'), ('177', '/abnormal/2019/5/20/114510-5-1.mp4', '91'), ('178', '/abnormal/2019/5/20/114510-5-2.mp4', '91'), ('179', '/normal/2019/5/20/114513-1-1.mp4', '92'), ('180', '/normal/2019/5/20/114513-1-2.mp4', '92'), ('181', '/abnormal/2019/5/20/114530-5-1.mp4', '93'), ('182', '/abnormal/2019/5/20/114530-5-2.mp4', '93'), ('183', '/normal/2019/5/20/114539-1-1.mp4', '94'), ('184', '/normal/2019/5/20/114539-1-2.mp4', '94'), ('185', '/abnormal/2019/5/20/114541-3-1.mp4', '95'), ('186', '/abnormal/2019/5/20/114541-3-2.mp4', '95'), ('187', '/abnormal/2019/5/20/114614-5-1.mp4', '96'), ('188', '/abnormal/2019/5/20/114614-5-2.mp4', '96'), ('189', '/abnormal/2019/5/20/114640-5-1.mp4', '97'), ('190', '/abnormal/2019/5/20/114640-5-2.mp4', '97'), ('191', '/abnormal/2019/5/20/114643-3-1.mp4', '98'), ('192', '/abnormal/2019/5/20/114643-3-2.mp4', '98'), ('193', '/normal/2019/5/20/114644-1-1.mp4', '99'), ('194', '/normal/2019/5/20/114644-1-2.mp4', '99'), ('195', '/abnormal/2019/5/20/11490-5-1.mp4', '100'), ('196', '/abnormal/2019/5/20/11490-5-2.mp4', '100'), ('197', '/normal/2019/5/20/11494-1-1.mp4', '101'), ('198', '/normal/2019/5/20/11494-1-2.mp4', '101'), ('199', '/abnormal/2019/5/20/114921-5-1.mp4', '102'), ('200', '/abnormal/2019/5/20/114921-5-2.mp4', '102'), ('201', '/abnormal/2019/5/20/115014-5-1.mp4', '103'), ('202', '/abnormal/2019/5/20/115014-5-2.mp4', '103'), ('203', '/abnormal/2019/5/20/115016-3-1.mp4', '104'), ('204', '/abnormal/2019/5/20/115016-3-2.mp4', '104'), ('205', '/abnormal/2019/5/20/11534-5-1.mp4', '105'), ('206', '/abnormal/2019/5/20/11534-5-2.mp4', '105'), ('207', '/abnormal/2019/5/20/115341-5-1.mp4', '106'), ('208', '/abnormal/2019/5/20/115341-5-2.mp4', '106'), ('209', '/abnormal/2019/5/20/115343-3-1.mp4', '107'), ('210', '/abnormal/2019/5/20/115343-3-2.mp4', '107'), ('211', '/normal/2019/5/20/115345-1-1.mp4', '108'), ('212', '/normal/2019/5/20/115345-1-2.mp4', '108'), ('213', '/abnormal/2019/5/20/115448-3-1.mp4', '109'), ('214', '/abnormal/2019/5/20/115448-3-2.mp4', '109'), ('215', '/normal/2019/5/20/115448-1-1.mp4', '110'), ('216', '/normal/2019/5/20/115448-1-2.mp4', '110'), ('217', '/abnormal/2019/5/20/115449-5-1.mp4', '111'), ('218', '/abnormal/2019/5/20/115449-5-2.mp4', '111'), ('219', '/abnormal/2019/5/20/115535-5-1.mp4', '112'), ('220', '/abnormal/2019/5/20/115535-5-2.mp4', '112'), ('221', '/abnormal/2019/5/20/115538-3-1.mp4', '113'), ('222', '/abnormal/2019/5/20/115538-3-2.mp4', '113'), ('223', '/normal/2019/5/20/115546-1-1.mp4', '114'), ('224', '/normal/2019/5/20/115546-1-2.mp4', '114'), ('225', '/abnormal/2019/5/20/11583-5-1.mp4', '115'), ('226', '/abnormal/2019/5/20/11583-5-2.mp4', '115'), ('227', '/abnormal/2019/5/20/1222-5-1.mp4', '116'), ('228', '/abnormal/2019/5/20/1222-5-2.mp4', '116'), ('229', '/abnormal/2019/5/20/12358-5-1.mp4', '117'), ('230', '/abnormal/2019/5/20/12358-5-2.mp4', '117'), ('231', '/abnormal/2019/5/20/12424-5-1.mp4', '118'), ('232', '/abnormal/2019/5/20/12424-5-2.mp4', '118'), ('233', '/abnormal/2019/5/20/12646-5-1.mp4', '119'), ('234', '/abnormal/2019/5/20/12646-5-2.mp4', '119'), ('235', '/normal/2019/5/20/12648-1-1.mp4', '120'), ('236', '/normal/2019/5/20/12648-1-2.mp4', '120'), ('237', '/abnormal/2019/5/20/121047-5-1.mp4', '121'), ('238', '/abnormal/2019/5/20/121047-5-2.mp4', '121'), ('239', '/normal/2019/5/20/121049-1-1.mp4', '122'), ('240', '/normal/2019/5/20/121049-1-2.mp4', '122'), ('241', '/normal/2019/5/20/121136-1-1.mp4', '123'), ('242', '/normal/2019/5/20/121136-1-2.mp4', '123'), ('243', '/abnormal/2019/5/20/121137-5-1.mp4', '124'), ('244', '/abnormal/2019/5/20/121137-5-2.mp4', '124'), ('245', '/abnormal/2019/5/20/121227-3-1.mp4', '125'), ('246', '/abnormal/2019/5/20/121227-3-2.mp4', '125'), ('247', '/abnormal/2019/5/20/121231-5-1.mp4', '126'), ('248', '/abnormal/2019/5/20/121231-5-2.mp4', '126'), ('249', '/abnormal/2019/5/20/12131-5-1.mp4', '127'), ('250', '/abnormal/2019/5/20/12131-5-2.mp4', '127'), ('251', '/abnormal/2019/5/20/12131-3-1.mp4', '128'), ('252', '/abnormal/2019/5/20/12131-3-2.mp4', '128'), ('253', '/abnormal/2019/5/20/121620-3-1.mp4', '129'), ('254', '/abnormal/2019/5/20/121620-3-2.mp4', '129'), ('255', '/abnormal/2019/5/20/121648-3-1.mp4', '130'), ('256', '/abnormal/2019/5/20/121648-3-2.mp4', '130'), ('257', '/abnormal/2019/5/20/121827-5-1.mp4', '131'), ('258', '/abnormal/2019/5/20/121827-5-2.mp4', '131'), ('259', '/abnormal/2019/5/20/122129-5-1.mp4', '132'), ('260', '/abnormal/2019/5/20/122129-5-2.mp4', '132'), ('261', '/abnormal/2019/5/20/122150-3-1.mp4', '133'), ('262', '/abnormal/2019/5/20/122150-3-2.mp4', '133'), ('263', '/normal/2019/5/20/122151-1-1.mp4', '134'), ('264', '/normal/2019/5/20/122151-1-2.mp4', '134'), ('265', '/abnormal/2019/5/20/122154-5-1.mp4', '135'), ('266', '/abnormal/2019/5/20/122154-5-2.mp4', '135'), ('267', '/abnormal/2019/5/20/122443-5-1.mp4', '136'), ('268', '/abnormal/2019/5/20/122443-5-2.mp4', '136'), ('269', '/abnormal/2019/5/20/122557-5-1.mp4', '137'), ('270', '/abnormal/2019/5/20/122557-5-2.mp4', '137'), ('271', '/abnormal/2019/5/20/122710-5-1.mp4', '138'), ('272', '/abnormal/2019/5/20/122710-5-2.mp4', '138'), ('273', '/abnormal/2019/5/20/122731-5-1.mp4', '139'), ('274', '/abnormal/2019/5/20/122731-5-2.mp4', '139'), ('275', '/abnormal/2019/5/20/122924-5-1.mp4', '140'), ('276', '/abnormal/2019/5/20/122924-5-2.mp4', '140'), ('277', '/abnormal/2019/5/20/123015-5-1.mp4', '141'), ('278', '/abnormal/2019/5/20/123015-5-2.mp4', '141'), ('279', '/normal/2019/5/20/123017-1-1.mp4', '142'), ('280', '/normal/2019/5/20/123017-1-2.mp4', '142'), ('281', '/abnormal/2019/5/20/123041-5-1.mp4', '143'), ('282', '/abnormal/2019/5/20/123041-5-2.mp4', '143'), ('283', '/abnormal/2019/5/20/123529-5-1.mp4', '144'), ('284', '/abnormal/2019/5/20/123529-5-2.mp4', '144'), ('285', '/abnormal/2019/5/20/123614-5-1.mp4', '145'), ('286', '/abnormal/2019/5/20/123614-5-2.mp4', '145'), ('287', '/abnormal/2019/5/20/123856-5-1.mp4', '146'), ('288', '/abnormal/2019/5/20/123856-5-2.mp4', '146'), ('289', '/abnormal/2019/5/20/124052-5-1.mp4', '147'), ('290', '/abnormal/2019/5/20/124052-5-2.mp4', '147'), ('291', '/abnormal/2019/5/20/124142-5-1.mp4', '148'), ('292', '/abnormal/2019/5/20/124142-5-2.mp4', '148'), ('293', '/abnormal/2019/5/20/124212-5-1.mp4', '149'), ('294', '/abnormal/2019/5/20/124212-5-2.mp4', '149'), ('295', '/abnormal/2019/5/20/12496-5-1.mp4', '150'), ('296', '/abnormal/2019/5/20/12496-5-2.mp4', '150'), ('297', '/abnormal/2019/5/20/125313-5-1.mp4', '151'), ('298', '/abnormal/2019/5/20/125313-5-2.mp4', '151'), ('299', '/abnormal/2019/5/20/12560-5-1.mp4', '152'), ('300', '/abnormal/2019/5/20/12560-5-2.mp4', '152'), ('301', '/abnormal/2019/5/20/12561-3-1.mp4', '153'), ('302', '/abnormal/2019/5/20/12561-3-2.mp4', '153'), ('303', '/normal/2019/5/20/12562-1-1.mp4', '154'), ('304', '/normal/2019/5/20/12562-1-2.mp4', '154'), ('305', '/abnormal/2019/5/20/125810-5-1.mp4', '155'), ('306', '/abnormal/2019/5/20/125810-5-2.mp4', '155'), ('307', '/abnormal/2019/5/20/125812-3-1.mp4', '156'), ('308', '/abnormal/2019/5/20/125812-3-2.mp4', '156'), ('309', '/abnormal/2019/5/20/125830-5-1.mp4', '157'), ('310', '/abnormal/2019/5/20/125830-5-2.mp4', '157'), ('311', '/normal/2019/5/20/125844-1-1.mp4', '158'), ('312', '/normal/2019/5/20/125844-1-2.mp4', '158'), ('313', '/abnormal/2019/5/20/125845-3-1.mp4', '159'), ('314', '/abnormal/2019/5/20/125845-3-2.mp4', '159'), ('315', '/abnormal/2019/5/20/125851-5-1.mp4', '160'), ('316', '/abnormal/2019/5/20/125851-5-2.mp4', '160'), ('317', '/normal/2019/5/20/12599-1-1.mp4', '161'), ('318', '/normal/2019/5/20/12599-1-2.mp4', '161'), ('319', '/abnormal/2019/5/20/125913-5-1.mp4', '162'), ('320', '/abnormal/2019/5/20/125913-5-2.mp4', '162'), ('321', '/abnormal/2019/5/20/125933-5-1.mp4', '163'), ('322', '/abnormal/2019/5/20/125933-5-2.mp4', '163'), ('323', '/abnormal/2019/5/20/13229-5-1.mp4', '164'), ('324', '/abnormal/2019/5/20/13229-5-2.mp4', '164'), ('325', '/abnormal/2019/5/20/13542-5-1.mp4', '165'), ('326', '/abnormal/2019/5/20/13542-5-2.mp4', '165'), ('327', '/abnormal/2019/5/20/131742-3-1.mp4', '166'), ('328', '/abnormal/2019/5/20/131742-3-2.mp4', '166'), ('329', '/normal/2019/5/20/131743-1-1.mp4', '167'), ('330', '/normal/2019/5/20/131743-1-2.mp4', '167'), ('331', '/abnormal/2019/5/20/131853-3-1.mp4', '168'), ('332', '/abnormal/2019/5/20/131853-3-2.mp4', '168'), ('333', '/normal/2019/5/20/131853-1-1.mp4', '169'), ('334', '/normal/2019/5/20/131853-1-2.mp4', '169'), ('335', '/abnormal/2019/5/20/131854-5-1.mp4', '170'), ('336', '/abnormal/2019/5/20/131854-5-2.mp4', '170'), ('337', '/abnormal/2019/5/20/132214-5-1.mp4', '171'), ('338', '/abnormal/2019/5/20/132214-5-2.mp4', '171'), ('339', '/abnormal/2019/5/20/132246-5-1.mp4', '172'), ('340', '/abnormal/2019/5/20/132246-5-2.mp4', '172'), ('341', '/normal/2019/5/20/132434-1-1.mp4', '173'), ('342', '/normal/2019/5/20/132434-1-2.mp4', '173'), ('343', '/abnormal/2019/5/20/132435-3-1.mp4', '174'), ('344', '/abnormal/2019/5/20/132435-3-2.mp4', '174'), ('345', '/abnormal/2019/5/20/132437-5-1.mp4', '175'), ('346', '/abnormal/2019/5/20/132437-5-2.mp4', '175'), ('347', '/abnormal/2019/5/20/132529-5-1.mp4', '176'), ('348', '/abnormal/2019/5/20/132529-5-2.mp4', '176'), ('349', '/normal/2019/5/20/132530-1-1.mp4', '177'), ('350', '/normal/2019/5/20/132530-1-2.mp4', '177'), ('351', '/abnormal/2019/5/20/132550-5-1.mp4', '178'), ('352', '/abnormal/2019/5/20/132550-5-2.mp4', '178'), ('353', '/abnormal/2019/5/20/132918-5-1.mp4', '181'), ('354', '/abnormal/2019/5/20/132918-5-2.mp4', '181'), ('355', '/abnormal/2019/5/20/132939-5-1.mp4', '182'), ('356', '/abnormal/2019/5/20/132939-5-2.mp4', '182'), ('357', '/abnormal/2019/5/20/132939-3-1.mp4', '183'), ('358', '/abnormal/2019/5/20/132939-3-2.mp4', '183'), ('359', '/abnormal/2019/5/20/13306-5-1.mp4', '184'), ('360', '/abnormal/2019/5/20/13306-5-2.mp4', '184'), ('361', '/abnormal/2019/5/20/13308-3-1.mp4', '185'), ('362', '/abnormal/2019/5/20/13308-3-2.mp4', '185'), ('363', '/abnormal/2019/5/20/133128-5-1.mp4', '186'), ('364', '/abnormal/2019/5/20/133128-5-2.mp4', '186'), ('365', '/abnormal/2019/5/20/133223-5-1.mp4', '187'), ('366', '/abnormal/2019/5/20/133223-5-2.mp4', '187'), ('367', '/abnormal/2019/5/20/133246-3-1.mp4', '188'), ('368', '/abnormal/2019/5/20/133246-3-2.mp4', '188'), ('369', '/abnormal/2019/5/20/133247-5-1.mp4', '189'), ('370', '/abnormal/2019/5/20/133247-5-2.mp4', '189'), ('371', '/abnormal/2019/5/20/13337-5-1.mp4', '190'), ('372', '/abnormal/2019/5/20/13337-5-2.mp4', '190'), ('373', '/abnormal/2019/5/20/133327-5-1.mp4', '191'), ('374', '/abnormal/2019/5/20/133327-5-2.mp4', '191'), ('375', '/abnormal/2019/5/20/133348-5-1.mp4', '192'), ('376', '/abnormal/2019/5/20/133348-5-2.mp4', '192'), ('377', '/abnormal/2019/5/20/13348-5-1.mp4', '193'), ('378', '/abnormal/2019/5/20/13348-5-2.mp4', '193'), ('379', '/abnormal/2019/5/20/133428-5-1.mp4', '194'), ('380', '/abnormal/2019/5/20/133428-5-2.mp4', '194'), ('381', '/abnormal/2019/5/20/133448-5-1.mp4', '195'), ('382', '/abnormal/2019/5/20/133448-5-2.mp4', '195'), ('383', '/abnormal/2019/5/20/133529-5-1.mp4', '196'), ('384', '/abnormal/2019/5/20/133529-5-2.mp4', '196'), ('385', '/abnormal/2019/5/20/133549-5-1.mp4', '197'), ('386', '/abnormal/2019/5/20/133549-5-2.mp4', '197'), ('387', '/abnormal/2019/5/20/133610-5-1.mp4', '198'), ('388', '/abnormal/2019/5/20/133610-5-2.mp4', '198'), ('389', '/abnormal/2019/5/20/133613-3-1.mp4', '199'), ('390', '/abnormal/2019/5/20/133613-3-2.mp4', '199'), ('391', '/abnormal/2019/5/20/133630-5-1.mp4', '200'), ('392', '/abnormal/2019/5/20/133630-5-2.mp4', '200'), ('393', '/abnormal/2019/5/20/133650-5-1.mp4', '201'), ('394', '/abnormal/2019/5/20/133650-5-2.mp4', '201'), ('395', '/abnormal/2019/5/20/133711-5-1.mp4', '202'), ('396', '/abnormal/2019/5/20/133711-5-2.mp4', '202'), ('397', '/abnormal/2019/5/20/133731-5-1.mp4', '203'), ('398', '/abnormal/2019/5/20/133731-5-2.mp4', '203'), ('399', '/abnormal/2019/5/20/133751-5-1.mp4', '204'), ('400', '/abnormal/2019/5/20/133751-5-2.mp4', '204'), ('401', '/abnormal/2019/5/20/133811-5-1.mp4', '205'), ('402', '/abnormal/2019/5/20/133811-5-2.mp4', '205'), ('403', '/abnormal/2019/5/20/133832-5-1.mp4', '206'), ('404', '/abnormal/2019/5/20/133832-5-2.mp4', '206'), ('405', '/abnormal/2019/5/20/133852-5-1.mp4', '207'), ('406', '/abnormal/2019/5/20/133852-5-2.mp4', '207'), ('407', '/abnormal/2019/5/20/133912-5-1.mp4', '208'), ('408', '/abnormal/2019/5/20/133912-5-2.mp4', '208'), ('409', '/abnormal/2019/5/20/133932-5-1.mp4', '209'), ('410', '/abnormal/2019/5/20/133932-5-2.mp4', '209'), ('411', '/abnormal/2019/5/20/133953-5-1.mp4', '210'), ('412', '/abnormal/2019/5/20/133953-5-2.mp4', '210'), ('413', '/abnormal/2019/5/20/134013-5-1.mp4', '211'), ('414', '/abnormal/2019/5/20/134013-5-2.mp4', '211'), ('415', '/abnormal/2019/5/20/134033-5-1.mp4', '212'), ('416', '/abnormal/2019/5/20/134033-5-2.mp4', '212'), ('417', '/abnormal/2019/5/20/134053-5-1.mp4', '213'), ('418', '/abnormal/2019/5/20/134053-5-2.mp4', '213'), ('419', '/abnormal/2019/5/20/134134-5-1.mp4', '214'), ('420', '/abnormal/2019/5/20/134134-5-2.mp4', '214'), ('421', '/abnormal/2019/5/20/134154-5-1.mp4', '215'), ('422', '/abnormal/2019/5/20/134154-5-2.mp4', '215'), ('423', '/abnormal/2019/5/20/134214-5-1.mp4', '216'), ('424', '/abnormal/2019/5/20/134214-5-2.mp4', '216'), ('425', '/abnormal/2019/5/20/134235-5-1.mp4', '217'), ('426', '/abnormal/2019/5/20/134235-5-2.mp4', '217'), ('427', '/abnormal/2019/5/20/134255-5-1.mp4', '218'), ('428', '/abnormal/2019/5/20/134255-5-2.mp4', '218'), ('429', '/abnormal/2019/5/20/134315-5-1.mp4', '219'), ('430', '/abnormal/2019/5/20/134315-5-2.mp4', '219'), ('431', '/abnormal/2019/5/20/134335-5-1.mp4', '220'), ('432', '/abnormal/2019/5/20/134335-5-2.mp4', '220'), ('433', '/abnormal/2019/5/20/134355-5-1.mp4', '221'), ('434', '/abnormal/2019/5/20/134355-5-2.mp4', '221'), ('435', '/abnormal/2019/5/20/134437-5-1.mp4', '222'), ('436', '/abnormal/2019/5/20/134437-5-2.mp4', '222'), ('437', '/abnormal/2019/5/20/134457-5-1.mp4', '223'), ('438', '/abnormal/2019/5/20/134457-5-2.mp4', '223'), ('439', '/abnormal/2019/5/20/134517-5-1.mp4', '224'), ('440', '/abnormal/2019/5/20/134517-5-2.mp4', '224'), ('441', '/abnormal/2019/5/20/134618-5-1.mp4', '225'), ('442', '/abnormal/2019/5/20/134618-5-2.mp4', '225'), ('443', '/abnormal/2019/5/20/134619-3-1.mp4', '226'), ('444', '/abnormal/2019/5/20/134619-3-2.mp4', '226'), ('445', '/abnormal/2019/5/20/134638-5-1.mp4', '227'), ('446', '/abnormal/2019/5/20/134638-5-2.mp4', '227'), ('447', '/abnormal/2019/5/20/134658-5-1.mp4', '228'), ('448', '/abnormal/2019/5/20/134658-5-2.mp4', '228'), ('449', '/abnormal/2019/5/20/134718-5-1.mp4', '229'), ('450', '/abnormal/2019/5/20/134718-5-2.mp4', '229'), ('451', '/abnormal/2019/5/20/134739-5-1.mp4', '230'), ('452', '/abnormal/2019/5/20/134739-5-2.mp4', '230'), ('453', '/abnormal/2019/5/20/134814-5-1.mp4', '231'), ('454', '/abnormal/2019/5/20/134814-5-2.mp4', '231'), ('455', '/abnormal/2019/5/20/13497-3-1.mp4', '232'), ('456', '/abnormal/2019/5/20/13497-3-2.mp4', '232'), ('457', '/abnormal/2019/5/20/13498-5-1.mp4', '233'), ('458', '/abnormal/2019/5/20/13498-5-2.mp4', '233'), ('459', '/abnormal/2019/5/20/135227-5-1.mp4', '234'), ('460', '/abnormal/2019/5/20/135227-5-2.mp4', '234'), ('461', '/abnormal/2019/5/20/135228-3-1.mp4', '235'), ('462', '/abnormal/2019/5/20/135228-3-2.mp4', '235'), ('463', '/abnormal/2019/5/20/135356-5-1.mp4', '236'), ('464', '/abnormal/2019/5/20/135356-5-2.mp4', '236'), ('465', '/abnormal/2019/5/20/135751-5-1.mp4', '237'), ('466', '/abnormal/2019/5/20/135751-5-2.mp4', '237'), ('467', '/abnormal/2019/5/20/141149-5-1.mp4', '238'), ('468', '/abnormal/2019/5/20/141149-5-2.mp4', '238'), ('469', '/abnormal/2019/5/20/141251-5-1.mp4', '239'), ('470', '/abnormal/2019/5/20/141251-5-2.mp4', '239'), ('471', '/abnormal/2019/5/20/141339-5-1.mp4', '240'), ('472', '/abnormal/2019/5/20/141339-5-2.mp4', '240'), ('473', '/abnormal/2019/5/20/141358-3-1.mp4', '241'), ('474', '/abnormal/2019/5/20/141358-3-2.mp4', '241'), ('475', '/abnormal/2019/5/20/141416-5-1.mp4', '242'), ('476', '/abnormal/2019/5/20/141416-5-2.mp4', '242'), ('477', '/normal/2019/5/20/141425-1-1.mp4', '243'), ('478', '/normal/2019/5/20/141425-1-2.mp4', '243'), ('479', '/normal/2019/5/20/141712-1-1.mp4', '244'), ('480', '/normal/2019/5/20/141712-1-2.mp4', '244'), ('481', '/abnormal/2019/5/20/141712-3-1.mp4', '245'), ('482', '/abnormal/2019/5/20/141712-3-2.mp4', '245'), ('483', '/abnormal/2019/5/20/141921-5-1.mp4', '246'), ('484', '/abnormal/2019/5/20/141921-5-2.mp4', '246'), ('485', '/abnormal/2019/5/20/142136-5-1.mp4', '247'), ('486', '/abnormal/2019/5/20/142136-5-2.mp4', '247'), ('487', '/abnormal/2019/5/20/142139-3-1.mp4', '248'), ('488', '/abnormal/2019/5/20/142139-3-2.mp4', '248'), ('489', '/abnormal/2019/5/20/143327-5-1.mp4', '249'), ('490', '/abnormal/2019/5/20/143327-5-2.mp4', '249'), ('491', '/abnormal/2019/5/20/143331-3-1.mp4', '250'), ('492', '/abnormal/2019/5/20/143331-3-2.mp4', '250'), ('493', '/normal/2019/5/20/143331-1-1.mp4', '251'), ('494', '/normal/2019/5/20/143331-1-2.mp4', '251'), ('495', '/abnormal/2019/5/20/143524-5-1.mp4', '252'), ('496', '/abnormal/2019/5/20/143524-5-2.mp4', '252'), ('497', '/abnormal/2019/5/20/14374-5-1.mp4', '253'), ('498', '/abnormal/2019/5/20/14374-5-2.mp4', '253'), ('499', '/abnormal/2019/5/20/144218-5-1.mp4', '254'), ('500', '/abnormal/2019/5/20/144218-5-2.mp4', '254'), ('501', '/abnormal/2019/5/20/144220-3-1.mp4', '255'), ('502', '/abnormal/2019/5/20/144220-3-2.mp4', '255'), ('503', '/abnormal/2019/5/20/144359-5-1.mp4', '256'), ('504', '/abnormal/2019/5/20/144359-5-2.mp4', '256'), ('505', '/abnormal/2019/5/20/14441-3-1.mp4', '257'), ('506', '/abnormal/2019/5/20/14441-3-2.mp4', '257'), ('507', '/normal/2019/5/20/14442-1-1.mp4', '258'), ('508', '/normal/2019/5/20/14442-1-2.mp4', '258'), ('509', '/abnormal/2019/5/20/144430-5-1.mp4', '259'), ('510', '/abnormal/2019/5/20/144430-5-2.mp4', '259'), ('511', '/abnormal/2019/5/20/144616-5-1.mp4', '260'), ('512', '/abnormal/2019/5/20/144616-5-2.mp4', '260'), ('513', '/abnormal/2019/5/20/144643-5-1.mp4', '261'), ('514', '/abnormal/2019/5/20/144643-5-2.mp4', '261'), ('515', '/abnormal/2019/5/20/144750-5-1.mp4', '262'), ('516', '/abnormal/2019/5/20/144750-5-2.mp4', '262'), ('517', '/abnormal/2019/5/20/145622-5-1.mp4', '263'), ('518', '/abnormal/2019/5/20/145622-5-2.mp4', '263'), ('519', '/abnormal/2019/5/20/145945-5-1.mp4', '264'), ('520', '/abnormal/2019/5/20/145945-5-2.mp4', '264'), ('521', '/abnormal/2019/5/20/1508-5-1.mp4', '265'), ('522', '/abnormal/2019/5/20/1508-5-2.mp4', '265'), ('523', '/abnormal/2019/5/20/15135-5-1.mp4', '266'), ('524', '/abnormal/2019/5/20/15135-5-2.mp4', '266'), ('525', '/abnormal/2019/5/20/15518-5-1.mp4', '267'), ('526', '/abnormal/2019/5/20/15518-5-2.mp4', '267'), ('527', '/abnormal/2019/5/20/15542-5-1.mp4', '268'), ('528', '/abnormal/2019/5/20/15542-5-2.mp4', '268'), ('529', '/abnormal/2019/5/20/15735-5-1.mp4', '269'), ('530', '/abnormal/2019/5/20/15735-5-2.mp4', '269'), ('531', '/abnormal/2019/5/20/15952-5-1.mp4', '270'), ('532', '/abnormal/2019/5/20/15952-5-2.mp4', '270'), ('533', '/abnormal/2019/5/20/151033-5-1.mp4', '271'), ('534', '/abnormal/2019/5/20/151033-5-2.mp4', '271'), ('535', '/abnormal/2019/5/20/151117-5-1.mp4', '272'), ('536', '/abnormal/2019/5/20/151117-5-2.mp4', '272'), ('537', '/abnormal/2019/5/20/151155-5-1.mp4', '273'), ('538', '/abnormal/2019/5/20/151155-5-2.mp4', '273'), ('539', '/abnormal/2019/5/20/151436-5-1.mp4', '274'), ('540', '/abnormal/2019/5/20/151436-5-2.mp4', '274'), ('541', '/abnormal/2019/5/20/151458-5-1.mp4', '275'), ('542', '/abnormal/2019/5/20/151458-5-2.mp4', '275'), ('543', '/abnormal/2019/5/20/151650-5-1.mp4', '276'), ('544', '/abnormal/2019/5/20/151650-5-2.mp4', '276'), ('545', '/abnormal/2019/5/20/151759-5-1.mp4', '277'), ('546', '/abnormal/2019/5/20/151759-5-2.mp4', '277'), ('547', '/abnormal/2019/5/20/15196-5-1.mp4', '278'), ('548', '/abnormal/2019/5/20/15196-5-2.mp4', '278'), ('549', '/normal/2019/5/20/15199-1-1.mp4', '279'), ('550', '/normal/2019/5/20/15199-1-2.mp4', '279'), ('551', '/abnormal/2019/5/20/151953-3-1.mp4', '280'), ('552', '/abnormal/2019/5/20/151953-3-2.mp4', '280'), ('553', '/abnormal/2019/5/20/151957-5-1.mp4', '281'), ('554', '/abnormal/2019/5/20/151957-5-2.mp4', '281'), ('555', '/abnormal/2019/5/20/152021-5-1.mp4', '282'), ('556', '/abnormal/2019/5/20/152021-5-2.mp4', '282'), ('557', '/abnormal/2019/5/20/152045-5-1.mp4', '283'), ('558', '/abnormal/2019/5/20/152045-5-2.mp4', '283'), ('559', '/normal/2019/5/20/152051-1-1.mp4', '284'), ('560', '/normal/2019/5/20/152051-1-2.mp4', '284'), ('561', '/abnormal/2019/5/20/152051-3-1.mp4', '285'), ('562', '/abnormal/2019/5/20/152051-3-2.mp4', '285'), ('563', '/abnormal/2019/5/20/152241-5-1.mp4', '286'), ('564', '/abnormal/2019/5/20/152241-5-2.mp4', '286'), ('565', '/abnormal/2019/5/20/152743-5-1.mp4', '287'), ('566', '/abnormal/2019/5/20/152743-5-2.mp4', '287'), ('567', '/abnormal/2019/5/20/152744-3-1.mp4', '288'), ('568', '/abnormal/2019/5/20/152744-3-2.mp4', '288'), ('569', '/normal/2019/5/20/152744-1-1.mp4', '289'), ('570', '/normal/2019/5/20/152744-1-2.mp4', '289'), ('571', '/abnormal/2019/5/20/152926-5-1.mp4', '290'), ('572', '/abnormal/2019/5/20/152926-5-2.mp4', '290'), ('573', '/abnormal/2019/5/20/153125-5-1.mp4', '291'), ('574', '/abnormal/2019/5/20/153125-5-2.mp4', '291'), ('575', '/abnormal/2019/5/20/153644-5-1.mp4', '292'), ('576', '/abnormal/2019/5/20/153644-5-2.mp4', '292'), ('577', '/abnormal/2019/5/20/153811-3-1.mp4', '293'), ('578', '/abnormal/2019/5/20/153811-3-2.mp4', '293'), ('579', '/normal/2019/5/20/153811-1-1.mp4', '294'), ('580', '/normal/2019/5/20/153811-1-2.mp4', '294'), ('581', '/abnormal/2019/5/20/154145-5-1.mp4', '295'), ('582', '/abnormal/2019/5/20/154145-5-2.mp4', '295'), ('583', '/abnormal/2019/5/20/16134-5-1.mp4', '296'), ('584', '/abnormal/2019/5/20/16134-5-2.mp4', '296'), ('585', '/abnormal/2019/5/20/16040-5-1.mp4', '297'), ('586', '/abnormal/2019/5/20/16040-5-2.mp4', '297'), ('587', '/abnormal/2019/5/20/161056-5-1.mp4', '298'), ('588', '/abnormal/2019/5/20/161056-5-2.mp4', '298'), ('589', '/abnormal/2019/5/20/16121-5-1.mp4', '299'), ('590', '/abnormal/2019/5/20/16121-5-2.mp4', '299'), ('591', '/normal/2019/5/20/16121-1-1.mp4', '300'), ('592', '/normal/2019/5/20/16121-1-2.mp4', '300'), ('593', '/abnormal/2019/5/20/16123-3-1.mp4', '301'), ('594', '/abnormal/2019/5/20/16123-3-2.mp4', '301'), ('595', '/abnormal/2019/5/20/161225-5-1.mp4', '302'), ('596', '/abnormal/2019/5/20/161225-5-2.mp4', '302'), ('597', '/abnormal/2019/5/20/162217-5-1.mp4', '303'), ('598', '/abnormal/2019/5/20/162217-5-2.mp4', '303'), ('599', '/normal/2019/5/20/162220-1-1.mp4', '304'), ('600', '/normal/2019/5/20/162220-1-2.mp4', '304'), ('601', '/abnormal/2019/5/20/16314-5-1.mp4', '305'), ('602', '/abnormal/2019/5/20/16314-5-2.mp4', '305'), ('603', '/abnormal/2019/5/20/163213-5-1.mp4', '306'), ('604', '/abnormal/2019/5/20/163213-5-2.mp4', '306'), ('605', '/normal/2019/5/20/163111-1-1.mp4', '307'), ('606', '/normal/2019/5/20/163111-1-2.mp4', '307'), ('607', '/normal/2019/5/20/164955-1-1.mp4', '308'), ('608', '/normal/2019/5/20/164955-1-2.mp4', '308'), ('609', '/abnormal/2019/5/20/164955-3-1.mp4', '309'), ('610', '/abnormal/2019/5/20/164955-3-2.mp4', '309'), ('611', '/abnormal/2019/5/20/164934-5-1.mp4', '310'), ('612', '/abnormal/2019/5/20/164934-5-2.mp4', '310'), ('613', '/abnormal/2019/5/20/165018-5-1.mp4', '311'), ('614', '/abnormal/2019/5/20/165018-5-2.mp4', '311'), ('615', '/normal/2019/5/20/165019-1-1.mp4', '312'), ('616', '/normal/2019/5/20/165019-1-2.mp4', '312'), ('617', '/abnormal/2019/5/20/165020-3-1.mp4', '313'), ('618', '/abnormal/2019/5/20/165020-3-2.mp4', '313'), ('619', '/abnormal/2019/5/20/165137-5-1.mp4', '314'), ('620', '/abnormal/2019/5/20/165137-5-2.mp4', '314'), ('621', '/abnormal/2019/5/20/165321-5-1.mp4', '315'), ('622', '/abnormal/2019/5/20/165321-5-2.mp4', '315'), ('623', '/abnormal/2019/5/20/165430-5-1.mp4', '316'), ('624', '/abnormal/2019/5/20/165430-5-2.mp4', '316'), ('625', '/abnormal/2019/5/20/165452-5-1.mp4', '317'), ('626', '/abnormal/2019/5/20/165452-5-2.mp4', '317'), ('627', '/abnormal/2019/5/20/165512-5-1.mp4', '318'), ('628', '/abnormal/2019/5/20/165512-5-2.mp4', '318'), ('629', '/abnormal/2019/5/20/165537-5-1.mp4', '319'), ('630', '/abnormal/2019/5/20/165537-5-2.mp4', '319'), ('631', '/abnormal/2019/5/20/165557-5-1.mp4', '320'), ('632', '/abnormal/2019/5/20/165557-5-2.mp4', '320'), ('633', '/abnormal/2019/5/20/165559-3-1.mp4', '321'), ('634', '/abnormal/2019/5/20/165559-3-2.mp4', '321'), ('635', '/abnormal/2019/5/20/165719-5-1.mp4', '322'), ('636', '/abnormal/2019/5/20/165719-5-2.mp4', '322'), ('637', '/abnormal/2019/5/20/165723-3-1.mp4', '323'), ('638', '/abnormal/2019/5/20/165723-3-2.mp4', '323'), ('639', '/abnormal/2019/5/20/16596-5-1.mp4', '324'), ('640', '/abnormal/2019/5/20/16596-5-2.mp4', '324'), ('641', '/normal/2019/5/20/165910-1-1.mp4', '325'), ('642', '/normal/2019/5/20/165910-1-2.mp4', '325'), ('643', '/abnormal/2019/5/20/165910-3-1.mp4', '326'), ('644', '/abnormal/2019/5/20/165910-3-2.mp4', '326'), ('645', '/abnormal/2019/5/20/17056-5-1.mp4', '327'), ('646', '/abnormal/2019/5/20/17056-5-2.mp4', '327'), ('647', '/abnormal/2019/5/20/17738-5-1.mp4', '328'), ('648', '/abnormal/2019/5/20/17738-5-2.mp4', '328'), ('649', '/abnormal/2019/5/20/1781-5-1.mp4', '329'), ('650', '/abnormal/2019/5/20/1781-5-2.mp4', '329'), ('651', '/abnormal/2019/5/20/171350-5-1.mp4', '330'), ('652', '/abnormal/2019/5/20/171350-5-2.mp4', '330'), ('653', '/abnormal/2019/5/20/171755-5-1.mp4', '331'), ('654', '/abnormal/2019/5/20/171755-5-2.mp4', '331'), ('655', '/abnormal/2019/5/20/171954-5-1.mp4', '332'), ('656', '/abnormal/2019/5/20/171954-5-2.mp4', '332'), ('657', '/abnormal/2019/5/20/171956-3-1.mp4', '333'), ('658', '/abnormal/2019/5/20/171956-3-2.mp4', '333'), ('659', '/normal/2019/5/20/172156-1-1.mp4', '334'), ('660', '/normal/2019/5/20/172156-1-2.mp4', '334'), ('661', '/abnormal/2019/5/20/172157-5-1.mp4', '335'), ('662', '/abnormal/2019/5/20/172157-5-2.mp4', '335'), ('663', '/abnormal/2019/5/20/172242-5-1.mp4', '336'), ('664', '/abnormal/2019/5/20/172242-5-2.mp4', '336'), ('665', '/abnormal/2019/5/20/172242-3-1.mp4', '337'), ('666', '/abnormal/2019/5/20/172242-3-2.mp4', '337'), ('667', '/abnormal/2019/5/20/172312-5-1.mp4', '338'), ('668', '/abnormal/2019/5/20/172312-5-2.mp4', '338'), ('669', '/normal/2019/5/20/172316-1-1.mp4', '339'), ('670', '/normal/2019/5/20/172316-1-2.mp4', '339'), ('671', '/abnormal/2019/5/20/172335-5-1.mp4', '340'), ('672', '/abnormal/2019/5/20/172335-5-2.mp4', '340'), ('673', '/normal/2019/5/20/172336-1-1.mp4', '341'), ('674', '/normal/2019/5/20/172336-1-2.mp4', '341'), ('675', '/abnormal/2019/5/20/17250-5-1.mp4', '342'), ('676', '/abnormal/2019/5/20/17250-5-2.mp4', '342'), ('677', '/abnormal/2019/5/20/172531-5-1.mp4', '343'), ('678', '/abnormal/2019/5/20/172531-5-2.mp4', '343'), ('679', '/abnormal/2019/5/20/172532-3-1.mp4', '344'), ('680', '/abnormal/2019/5/20/172532-3-2.mp4', '344'), ('681', '/abnormal/2019/5/20/172738-5-1.mp4', '345'), ('682', '/abnormal/2019/5/20/172738-5-2.mp4', '345'), ('683', '/abnormal/2019/5/20/17347-5-1.mp4', '346'), ('684', '/abnormal/2019/5/20/17347-5-2.mp4', '346'), ('685', '/abnormal/2019/5/20/173448-5-1.mp4', '347'), ('686', '/abnormal/2019/5/20/173448-5-2.mp4', '347'), ('687', '/abnormal/2019/5/20/17375-5-1.mp4', '348'), ('688', '/abnormal/2019/5/20/17375-5-2.mp4', '348'), ('689', '/abnormal/2019/5/20/173725-5-1.mp4', '349'), ('690', '/abnormal/2019/5/20/173725-5-2.mp4', '349'), ('691', '/abnormal/2019/5/20/173850-5-1.mp4', '350'), ('692', '/abnormal/2019/5/20/173850-5-2.mp4', '350'), ('693', '/abnormal/2019/5/20/173911-5-1.mp4', '351'), ('694', '/abnormal/2019/5/20/173911-5-2.mp4', '351'), ('695', '/abnormal/2019/5/20/173934-5-1.mp4', '352'), ('696', '/abnormal/2019/5/20/173934-5-2.mp4', '352'), ('697', '/abnormal/2019/5/20/17410-5-1.mp4', '353'), ('698', '/abnormal/2019/5/20/17410-5-2.mp4', '353'), ('699', '/abnormal/2019/5/20/174318-5-1.mp4', '354'), ('700', '/abnormal/2019/5/20/174318-5-2.mp4', '354'), ('701', '/abnormal/2019/5/20/174845-5-1.mp4', '355'), ('702', '/abnormal/2019/5/20/174845-5-2.mp4', '355'), ('703', '/abnormal/2019/5/20/175134-5-1.mp4', '356'), ('704', '/abnormal/2019/5/20/175134-5-2.mp4', '356'), ('705', '/abnormal/2019/5/20/175137-3-1.mp4', '357'), ('706', '/abnormal/2019/5/20/175137-3-2.mp4', '357'), ('707', '/normal/2019/5/20/175138-1-1.mp4', '358'), ('708', '/normal/2019/5/20/175138-1-2.mp4', '358'), ('709', '/abnormal/2019/5/20/175247-5-1.mp4', '359'), ('710', '/abnormal/2019/5/20/175247-5-2.mp4', '359'), ('711', '/abnormal/2019/5/20/175422-5-1.mp4', '360'), ('712', '/abnormal/2019/5/20/175422-5-2.mp4', '360'), ('713', '/abnormal/2019/5/20/175522-5-1.mp4', '361'), ('714', '/abnormal/2019/5/20/175522-5-2.mp4', '361'), ('715', '/abnormal/2019/5/20/175542-5-1.mp4', '362'), ('716', '/abnormal/2019/5/20/175542-5-2.mp4', '362'), ('717', '/normal/2019/5/20/17576-1-1.mp4', '363'), ('718', '/normal/2019/5/20/17576-1-2.mp4', '363'), ('719', '/abnormal/2019/5/20/17578-3-1.mp4', '364'), ('720', '/abnormal/2019/5/20/17578-3-2.mp4', '364'), ('721', '/abnormal/2019/5/20/175713-5-1.mp4', '365'), ('722', '/abnormal/2019/5/20/175713-5-2.mp4', '365'), ('723', '/abnormal/2019/5/20/175831-5-1.mp4', '366'), ('724', '/abnormal/2019/5/20/175831-5-2.mp4', '366'), ('725', '/abnormal/2019/5/20/175859-5-1.mp4', '367'), ('726', '/abnormal/2019/5/20/175859-5-2.mp4', '367'), ('727', '/normal/2019/5/20/175918-1-1.mp4', '368'), ('728', '/normal/2019/5/20/175918-1-2.mp4', '368'), ('729', '/abnormal/2019/5/20/175923-5-1.mp4', '369'), ('730', '/abnormal/2019/5/20/175923-5-2.mp4', '369'), ('731', '/abnormal/2019/5/20/18032-5-1.mp4', '370'), ('732', '/abnormal/2019/5/20/18032-5-2.mp4', '370'), ('733', '/abnormal/2019/5/20/1814-5-1.mp4', '371'), ('734', '/abnormal/2019/5/20/1814-5-2.mp4', '371'), ('735', '/abnormal/2019/5/20/18126-5-1.mp4', '372'), ('736', '/abnormal/2019/5/20/18126-5-2.mp4', '372'), ('737', '/abnormal/2019/5/20/18150-5-1.mp4', '373'), ('738', '/abnormal/2019/5/20/18150-5-2.mp4', '373'), ('739', '/abnormal/2019/5/20/18214-5-1.mp4', '374'), ('740', '/abnormal/2019/5/20/18214-5-2.mp4', '374'), ('741', '/abnormal/2019/5/20/18248-5-1.mp4', '375'), ('742', '/abnormal/2019/5/20/18248-5-2.mp4', '375'), ('743', '/abnormal/2019/5/20/18250-3-1.mp4', '376'), ('744', '/abnormal/2019/5/20/18250-3-2.mp4', '376'), ('745', '/abnormal/2019/5/20/1838-5-1.mp4', '377'), ('746', '/abnormal/2019/5/20/1838-5-2.mp4', '377'), ('747', '/abnormal/2019/5/20/18330-5-1.mp4', '378'), ('748', '/abnormal/2019/5/20/18330-5-2.mp4', '378'), ('749', '/abnormal/2019/5/20/18341-3-1.mp4', '379'), ('750', '/abnormal/2019/5/20/18341-3-2.mp4', '379'), ('751', '/abnormal/2019/5/20/1843-5-1.mp4', '380'), ('752', '/abnormal/2019/5/20/1843-5-2.mp4', '380'), ('753', '/abnormal/2019/5/20/18444-5-1.mp4', '381'), ('754', '/abnormal/2019/5/20/18444-5-2.mp4', '381'), ('755', '/abnormal/2019/5/20/1854-5-1.mp4', '382'), ('756', '/abnormal/2019/5/20/1854-5-2.mp4', '382'), ('757', '/abnormal/2019/5/20/18523-3-1.mp4', '383'), ('758', '/abnormal/2019/5/20/18523-3-2.mp4', '383'), ('759', '/normal/2019/5/20/18524-1-1.mp4', '384'), ('760', '/normal/2019/5/20/18524-1-2.mp4', '384'), ('761', '/abnormal/2019/5/20/1860-5-1.mp4', '385'), ('762', '/abnormal/2019/5/20/1860-5-2.mp4', '385'), ('763', '/normal/2019/5/20/1861-1-1.mp4', '386'), ('764', '/normal/2019/5/20/1861-1-2.mp4', '386'), ('765', '/abnormal/2019/5/20/18621-5-1.mp4', '387'), ('766', '/abnormal/2019/5/20/18621-5-2.mp4', '387'), ('767', '/abnormal/2019/5/20/181727-5-1.mp4', '388'), ('768', '/abnormal/2019/5/20/181727-5-2.mp4', '388'), ('769', '/normal/2019/5/20/181945-1-1.mp4', '389'), ('770', '/normal/2019/5/20/181945-1-2.mp4', '389'), ('771', '/abnormal/2019/5/20/181946-3-1.mp4', '390'), ('772', '/abnormal/2019/5/20/181946-3-2.mp4', '390'), ('773', '/abnormal/2019/5/20/182011-5-1.mp4', '391'), ('774', '/abnormal/2019/5/20/182011-5-2.mp4', '391'), ('775', '/abnormal/2019/5/20/182448-5-1.mp4', '392'), ('776', '/abnormal/2019/5/20/182448-5-2.mp4', '392'), ('777', '/abnormal/2019/5/20/182510-5-1.mp4', '393'), ('778', '/abnormal/2019/5/20/182510-5-2.mp4', '393'), ('779', '/normal/2019/5/20/18497-1-1.mp4', '394'), ('780', '/normal/2019/5/20/18497-1-2.mp4', '394'), ('781', '/abnormal/2019/5/20/185310-5-1.mp4', '395'), ('782', '/abnormal/2019/5/20/185310-5-2.mp4', '395'), ('783', '/abnormal/2019/5/20/19232-5-1.mp4', '396'), ('784', '/abnormal/2019/5/20/19232-5-2.mp4', '396'), ('785', '/abnormal/2019/5/20/19232-3-1.mp4', '397'), ('786', '/abnormal/2019/5/20/19232-3-2.mp4', '397'), ('787', '/normal/2019/5/20/19233-1-1.mp4', '398'), ('788', '/normal/2019/5/20/19233-1-2.mp4', '398');
COMMIT;

-- ----------------------------
--  Table structure for `face`
-- ----------------------------
DROP TABLE IF EXISTS `face`;
CREATE TABLE `face` (
  `id` int(10) NOT NULL AUTO_INCREMENT COMMENT '人脸信息',
  `name` char(32) DEFAULT '' COMMENT '姓名',
  `type_id` int(10) DEFAULT '0' COMMENT '人员类别  face_type.id',
  `status` tinyint(1) DEFAULT '0' COMMENT '进出状态  1=允许进出  2=不允许进出',
  `photo_number` tinyint(1) DEFAULT '0' COMMENT '照片数量',
  `number` char(32) DEFAULT '' COMMENT '人员唯一编号   会根据  type 字段值的不同，使用不同编号格式    除在押人员以外，均使用身份证号',
  `note` char(32) DEFAULT '' COMMENT '备注',
  `add_time` int(10) DEFAULT '0' COMMENT '插入时间',
  `update_time` int(10) DEFAULT '0' COMMENT '更新时间',
  `delete_time` int(10) DEFAULT '0' COMMENT '删除时间',
  PRIMARY KEY (`id`),
  UNIQUE KEY `number` (`number`)
) ENGINE=InnoDB AUTO_INCREMENT=16 DEFAULT CHARSET=utf8;

-- ----------------------------
--  Records of `face`
-- ----------------------------
BEGIN;
INSERT INTO `face` VALUES ('2', '张三', '1', '2', '2', 'GSDHK45678', '333333333111', '0', '1558233293', '0'), ('3', '李四', '3', '2', '0', 'X839467865', '111111', '0', '1558233350', '0'), ('14', '王五六11', '2', '1', '9', 'X88886KA1X', '8888888', '1558256273', '1558256820', '0'), ('15', '王五七', '2', '1', '6', 'P9222233OAP2', '8888888', '1558256905', '1558257524', '0');
COMMIT;

-- ----------------------------
--  Table structure for `face_photo`
-- ----------------------------
DROP TABLE IF EXISTS `face_photo`;
CREATE TABLE `face_photo` (
  `id` int(10) NOT NULL AUTO_INCREMENT COMMENT '人员照片',
  `photo_url` char(250) DEFAULT '',
  `add_time` int(10) DEFAULT '0',
  `face_id` int(10) DEFAULT '0',
  PRIMARY KEY (`id`)
) ENGINE=InnoDB AUTO_INCREMENT=54 DEFAULT CHARSET=utf8;

-- ----------------------------
--  Records of `face_photo`
-- ----------------------------
BEGIN;
INSERT INTO `face_photo` VALUES ('1', 'https://gss0.baidu.com/-vo3dSag_xI4khGko9WTAnF6hhy/zhidao/pic/item/0df431adcbef7609562bfb722edda3cc7cd99e3e.jpg', '0', '2'), ('2', 'https://gss0.baidu.com/-vo3dSag_xI4khGko9WTAnF6hhy/zhidao/pic/item/0df3d7ca7bcb0a463fb1c8aa6b63f6246a60af96.jpg', '0', '2'), ('39', 'http://s16.sinaimg.cn/orignal/6723f54bgca8686d7b1af.jpg', '1558256273', '14'), ('40', 'http://s16.sinaimg.cn/mw690/6723f54bgca863ed8560f&690.jpg', '1558256273', '14'), ('41', 'https://gss0.baidu.com/9fo3dSag_xI4khGko9WTAnF6hhy/zhidao/wh%3D600%2C800/sign=bc70c0c0a46eddc426b2bcfd09eb9ac5/8d5494eef01f3a299f713beb9025bc315c607c5e.jpg', '1558256273', '14'), ('42', 'https://gss0.baidu.com/-Po3dSag_xI4khGko9WTAnF6hhy/zhidao/pic/item/d52a2834349b033ba8e6abac15ce36d3d539bd5e.jpg', '1558256662', '14'), ('43', 'https://gss0.baidu.com/-vo3dSag_xI4khGko9WTAnF6hhy/zhidao/pic/item/d043ad4bd11373f037466c94a70f4bfbfbed04bb.jpg', '1558256662', '14'), ('44', 'http://5b0988e595225.cdn.sohucs.com/images/20180517/2262bc8b68004e07969eb9eaf62744ec.jpeg', '1558256662', '14'), ('45', 'https://gss0.baidu.com/-Po3dSag_xI4khGko9WTAnF6hhy/zhidao/pic/item/d52a2834349b033ba8e6abac15ce36d3d539bd5e.jpg', '1558256820', '14'), ('46', 'https://gss0.baidu.com/-vo3dSag_xI4khGko9WTAnF6hhy/zhidao/pic/item/d043ad4bd11373f037466c94a70f4bfbfbed04bb.jpg', '1558256820', '14'), ('47', 'http://5b0988e595225.cdn.sohucs.com/images/20180517/2262bc8b68004e07969eb9eaf62744ec.jpeg', '1558256820', '14'), ('48', 'https://gss0.baidu.com/-Po3dSag_xI4khGko9WTAnF6hhy/zhidao/pic/item/d52a2834349b033ba8e6abac15ce36d3d539bd5e.jpg', '1558256905', '15'), ('49', 'https://gss0.baidu.com/-vo3dSag_xI4khGko9WTAnF6hhy/zhidao/pic/item/d043ad4bd11373f037466c94a70f4bfbfbed04bb.jpg', '1558256905', '15'), ('50', 'http://5b0988e595225.cdn.sohucs.com/images/20180517/2262bc8b68004e07969eb9eaf62744ec.jpeg', '1558256905', '15'), ('51', 'https://gss0.baidu.com/94o3dSag_xI4khGko9WTAnF6hhy/zhidao/pic/item/0df431adcbef7609cbaa5d6f2ddda3cc7dd99e99.jpg', '1558257524', '15'), ('52', 'https://gss0.baidu.com/-fo3dSag_xI4khGko9WTAnF6hhy/zhidao/pic/item/48540923dd54564e3c4323c9b0de9c82d1584f18.jpg', '1558257524', '15'), ('53', 'http://s7.sinaimg.cn/bmiddle/001t3Xagzy6I4ImgHMWe6&690.jpg', '1558257524', '15');
COMMIT;

-- ----------------------------
--  Table structure for `face_type`
-- ----------------------------
DROP TABLE IF EXISTS `face_type`;
CREATE TABLE `face_type` (
  `id` int(10) NOT NULL AUTO_INCREMENT COMMENT '人员类型',
  `name` char(16) DEFAULT '',
  `is_feoptions` tinyint(1) DEFAULT '0' COMMENT '是否前端录入时可选项 1=是',
  `sort` tinyint(1) DEFAULT '0' COMMENT '排序',
  PRIMARY KEY (`id`)
) ENGINE=InnoDB AUTO_INCREMENT=9 DEFAULT CHARSET=utf8;

-- ----------------------------
--  Records of `face_type`
-- ----------------------------
BEGIN;
INSERT INTO `face_type` VALUES ('1', '在押人员', '0', '0'), ('2', '办案人员', '1', '1'), ('3', '律师', '1', '2'), ('4', '所辅警', '1', '3'), ('5', '所民警', '0', '0'), ('6', '所领导', '0', '0'), ('7', '施工人员', '1', '4'), ('8', '其他', '1', '5');
COMMIT;

-- ----------------------------
--  Table structure for `serve`
-- ----------------------------
DROP TABLE IF EXISTS `serve`;
CREATE TABLE `serve` (
  `id` int(10) NOT NULL AUTO_INCREMENT COMMENT '前端识别服务',
  `door_name` char(16) DEFAULT '',
  `serve_ip` char(15) DEFAULT '',
  `sync_time` int(10) DEFAULT '0' COMMENT '最后一次数据同步时间',
  `door_config` char(250) DEFAULT '' COMMENT '门禁配置',
  PRIMARY KEY (`id`)
) ENGINE=InnoDB AUTO_INCREMENT=2 DEFAULT CHARSET=utf8;

-- ----------------------------
--  Records of `serve`
-- ----------------------------
BEGIN;
INSERT INTO `serve` VALUES ('1', 'AB门之间', '192.168.0.138', '0', '');
COMMIT;

SET FOREIGN_KEY_CHECKS = 1;
